 AK,Anchorage Municipality,18327394.0
 AK,Bristol Bay Borough,106655.6
 AK,Fairbanks North Star Borough,5233550.6
 AK,Haines Borough,139632.2
 AK,Juneau City and Borough,2061304.8
 AK,Kenai Peninsula Borough,2850601.2
 AK,Kodiak Island Borough,801196.0
 AK,Matanuska-Susitna Borough,4551680.4
 AK,North Slope Borough,893510.8
 AK,Northwest Arctic Borough,334842.6
 AK,Sitka City and Borough,571257.6
 AK*,Aleutian Islands Census Area,
 AK*,Aleutian Islands Division,
 AK*,Aleutians East Borough,165461.2
 AK*,Aleutians West Census Area,304076.2
 AK*,Angoon Division,
 AK*,Barrow-North Slope Division,
 AK*,Bethel Census Area,728503.2
 AK*,Bethel Division,
 AK*,Bristol Bay Division,
 AK*,Cordova-McCarthy Division,
 AK*,Denali Borough,151897.0
 AK*,Dillingham Census Area,271694.8
 AK*,Haines Division,
 AK*,Hoonah-Angoon Census Area,115080.2
 AK*,Kenai-Cook Inlet Division,
 AK*,Ketchikan Gateway Borough,869082.0
 AK*,Kusilvak Census Area,239077.8
 AK*,Kuskokwim Division,
 AK*,Lake and Peninsula Borough,89582.2
 AK*,Nome Census Area,468685.6
 AK*,Outer Ketchikan Division,
 AK*,Petersburg Borough,208457.8
 AK*,Prince of Wales Division,
 AK*,Prince of Wales-Hyder Census Area,251343.6
 AK*,Prince of Wales-Outer Ketchikan Census Area,
 AK*,Seward Division,
 AK*,Sitka Division,
 AK*,Skagway Municipality,84101.0
 AK*,Skagway-Hoonah-Angoon Census Area,
 AK*,Skagway-Yakutat Division,
 AK*,Skagway-Yakutat-Angoon Census Area,
 AK*,Southeast Fairbanks Census Area,317167.8
 AK*,Southeast Fairbanks Division,
 AK*,Upper Yukon Division,
 AK*,Valdez-Chitina-Whittier Division,
 AK*,Valdez-Cordova Census Area,529812.0
 AK*,Wrangell City and Borough,111316.8
 AK*,Wrangell-Petersburg Census Area,
 AK*,Wrangell-Petersburg Division,
 AK*,Yakutat City and Borough,37758.0
 AK*,Yukon-Koyukuk Census Area,283472.8
 AK*,Yukon-Koyukuk Division,
 AL,Autauga,2099854.4
 AL,Baldwin,8402710.8
 AL,Barbour,820319.6
 AL,Bibb,649114.4
 AL,Blount,1839727.0
 AL,Bullock,275169.4
 AL,Butler,672316.2
 AL,Calhoun,3936741.8
 AL,Chambers,1070351.4
 AL,Cherokee,838623.2
 AL,Chilton,1382174.8
 AL,Choctaw,469398.0
 AL,Clarke,824010.8
 AL,Clay,410635.2
 AL,Cleburne,497942.8
 AL,Coffee,2017191.8
 AL,Colbert,1938020.0
 AL,Conecuh,380215.4
 AL,Coosa,308254.2
 AL,Covington,1220362.2
 AL,Crenshaw,485365.6
 AL,Cullman,2966714.0
 AL,Dale,1697107.8
 AL,Dallas,1317789.4
 AL,DeKalb,2092010.6
 AL,Elmore,3094856.2
 AL,Escambia,1148046.0
 AL,Etowah,3493672.6
 AL,Fayette,527716.0
 AL,Franklin,972188.2
 AL,Geneva,851413.0
 AL,Greene,261008.6
 AL,Hale,507573.6
 AL,Henry,624032.0
 AL,Houston,4022882.2
 AL,Jackson,1762866.0
 AL,Jefferson,31965922.6
 AL,Lamar,436679.0
 AL,Lauderdale,3213328.8
 AL,Lawrence,1057076.2
 AL,Lee,5396765.8
 AL,Limestone,3497831.2
 AL,Lowndes,389266.0
 AL,Macon,577498.2
 AL,Madison,16527085.0
 AL,Marengo,710873.8
 AL,Marion,905135.2
 AL,Marshall,3147300.4
 AL,Mobile,14725865.6
 AL,Monroe,665728.2
 AL,Montgomery,9177640.6
 AL,Morgan,4344406.2
 AL,Perry,277423.8
 AL,Pickens,624507.4
 AL,Pike,1135040.6
 AL,Randolph,684695.6
 AL,Russell,1775210.0
 AL,Shelby,10329370.8
 AL,St. Clair,3020385.4
 AL,Sumter,406054.4
 AL,Talladega,2568721.8
 AL,Tallapoosa,1507490.8
 AL,Tuscaloosa,7328842.8
 AL,Walker,2387857.0
 AL,Washington,565450.6
 AL,Wilcox,327171.0
 AL,Winston,754645.6
 AR,Arkansas,771677.4
 AR,Ashley,673762.2
 AR,Baxter,1385169.8
 AR,Benton,18977551.2
 AR,Boone,1215575.2
 AR,Bradley,387388.2
 AR,Calhoun,160282.6
 AR,Carroll,851746.8
 AR,Chicot,377609.4
 AR,Clark,730900.8
 AR,Clay,485099.4
 AR,Cleburne,889539.8
 AR,Cleveland,296507.4
 AR,Columbia,836423.6
 AR,Conway,760484.2
 AR,Craighead,3640949.8
 AR,Crawford,1901756.6
 AR,Crittenden,1686283.6
 AR,Cross,570626.6
 AR,Dallas,231970.8
 AR,Desha,422243.4
 AR,Drew,626822.6
 AR,Faulkner,4200953.8
 AR,Franklin,559907.8
 AR,Fulton,320531.0
 AR,Garland,3531575.4
 AR,Grant,633169.4
 AR,Greene,1412385.8
 AR,Hempstead,649393.4
 AR,Hot Spring,941384.0
 AR,Howard,437696.4
 AR,Independence,1181522.0
 AR,Izard,380005.0
 AR,Jackson,584373.2
 AR,Jefferson,2317508.0
 AR,Johnson,721239.6
 AR,Lafayette,237323.8
 AR,Lawrence,524477.8
 AR,Lee,261037.8
 AR,Lincoln,350055.4
 AR,Little River,405590.6
 AR,Logan,700618.2
 AR,Lonoke,2596092.2
 AR,Madison,523153.2
 AR,Marion,463185.2
 AR,Miller,1359120.6
 AR,Mississippi,1228389.2
 AR,Monroe,230872.4
 AR,Montgomery,249364.2
 AR,Nevada,263206.0
 AR,Newton,210551.0
 AR,Ouachita,821262.8
 AR,Perry,332919.6
 AR,Phillips,570295.4
 AR,Pike,325409.4
 AR,Poinsett,717606.4
 AR,Polk,567815.8
 AR,Pope,2054092.0
 AR,Prairie,272419.8
 AR,Pulaski,18257835.2
 AR,Randolph,520496.6
 AR,Saline,4469855.6
 AR,Scott,297295.2
 AR,Searcy,211201.4
 AR,Sebastian,4928753.0
 AR,Sevier,496251.8
 AR,Sharp,515468.2
 AR,St. Francis,693101.2
 AR,Stone,350984.0
 AR,Union,1687737.6
 AR,Van Buren,491586.6
 AR,Washington,8102593.8
 AR,White,2556646.2
 AR,Woodruff,221233.0
 AR,Yell,658175.4
 AZ,Apache,2182095.4
 AZ,Cochise,4662690.8
 AZ,Coconino,5898813.4
 AZ,Gila,1884860.0
 AZ,Graham,1102276.4
 AZ,Greenlee,330261.6
 AZ,Maricopa,177374925.4
 AZ,Mohave,5950700.4
 AZ,Navajo,3133018.8
 AZ,Pima,39423038.6
 AZ,Pinal,11277900.2
 AZ,Santa Cruz,1573501.4
 AZ,Yavapai,7754579.8
 AZ*,La Paz,587824.2
 AZ*,Yuma,6480022.2
" Buena Vista + Lexington, VA*",Rockbridge,1332551.8
 CA,Alameda,103418158.4
 CA,Alpine,73859.2
 CA,Amador,1536187.8
 CA,Butte,9040287.6
 CA,Calaveras,1957600.2
 CA,Colusa,969062.0
 CA,Contra Costa,77276848.8
 CA,Del Norte,934348.4
 CA,El Dorado,11076688.8
 CA,Fresno,37586327.6
 CA,Glenn,1183636.8
 CA,Humboldt,5834729.4
 CA,Imperial,6194890.0
 CA,Inyo,984984.0
 CA,Kern,32850413.6
 CA,Kings,4905469.4
 CA,Lake,2441450.4
 CA,Lassen,1074280.4
 CA,Los Angeles,549480530.8
 CA,Madera,5591727.4
 CA,Marin,29286197.0
 CA,Mariposa,797417.4
 CA,Mendocino,3888733.6
 CA,Merced,9667183.0
 CA,Modoc,379470.4
 CA,Mono,648197.6
 CA,Monterey,21701979.6
 CA,Napa,8953226.0
 CA,Nevada,5490829.8
 CA,Orange,190116299.0
 CA,Placer,22115980.6
 CA,Plumas,889778.2
 CA,Riverside,85727841.8
 CA,Sacramento,70317324.2
 CA,San Benito,2679229.0
 CA,San Bernardino,76079349.8
 CA,San Diego,177706456.0
 CA,San Francisco,92071137.8
 CA,San Joaquin,28529296.6
 CA,San Luis Obispo,14257517.0
 CA,San Mateo,76981320.6
 CA,Santa Barbara,24633308.2
 CA,Santa Clara,163837930.2
 CA,Santa Cruz,16131832.4
 CA,Shasta,7408362.2
 CA,Sierra,123999.6
 CA,Siskiyou,1764686.4
 CA,Solano,19521707.2
 CA,Sonoma,27369706.2
 CA,Stanislaus,21339771.6
 CA,Sutter,3887207.6
 CA,Tehama,2336540.2
 CA,Trinity,458079.8
 CA,Tulare,17075352.0
 CA,Tuolumne,2300201.6
 CA,Ventura,46629718.8
 CA,Yolo,10527255.2
 CA,Yuba,2789175.4
 CO,Alamosa,548720.6
 CO,Arapahoe,33773885.4
 CO,Archuleta,483233.8
 CO,Baca,143506.2
 CO,Bent,152971.0
 CO,Chaffee,761723.8
 CO,Cheyenne,98821.6
 CO,Clear Creek,502493.0
 CO,Conejos,262265.6
 CO,Costilla,112882.0
 CO,Crowley,111571.8
 CO,Custer,177786.4
 CO,Delta,1029157.2
 CO,Denver,44924059.0
 CO,Dolores,67577.8
 CO,Douglas,21591311.0
 CO,Eagle,3454826.2
 CO,El Paso,29834938.4
 CO,Elbert,1257498.0
 CO,Fremont,1467957.6
 CO,Garfield,3012466.6
 CO,Gilpin,251475.0
 CO,Grand,635154.4
 CO,Gunnison,674033.0
 CO,Hinsdale,35545.8
 CO,Huerfano,247882.2
 CO,Jackson,58708.6
 CO,Kiowa,72910.4
 CO,Kit Carson,278201.6
 CO,La Plata,2979170.8
 CO,Lake,245106.0
 CO,Larimer,15489281.8
 CO,Las Animas,522532.2
 CO,Lincoln,145211.8
 CO,Logan,1071903.6
 CO,Mesa,5936950.8
 CO,Mineral,46437.8
 CO,Moffat,518287.2
 CO,Montezuma,1007433.0
 CO,Montrose,1442392.2
 CO,Morgan,1149921.4
 CO,Otero,641387.2
 CO,Ouray,247481.2
 CO,Park,671633.2
 CO,Phillips,188645.4
 CO,Pitkin,2277851.8
 CO,Prowers,483216.8
 CO,Pueblo,5720395.0
 CO,Rio Blanco,291948.8
 CO,Rio Grande,474678.8
 CO,Routt,1650115.6
 CO,Saguache,185453.0
 CO,San Juan,36059.4
 CO,San Miguel,576082.0
 CO,Sedgwick,120719.2
 CO,Summit,1744881.4
 CO,Teller,1072935.0
 CO,Washington,199647.2
 CO,Yuma,535536.8
 CO*,Adams,18658339.6
 CO*,Boulder,19935645.0
 CO*,Broomfield,3805315.2
 CO*,Jefferson,31764862.0
 CO*,Weld,12185960.4
 CT,Fairfield,98948316.4
 CT,Hartford,52808657.0
 CT,Litchfield,10810928.6
 CT,Middlesex,10221982.2
 CT,New Haven,44424191.4
 CT,New London,14386606.0
 CT,Tolland,7886404.4
 CT,Windham,4982481.0
" Colonial Heights + Petersburg, VA*",Dinwiddie,2937605.8
 DC,District of Columbia,50233910.6
 DE,Kent,6594844.0
 DE,New Castle,28008508.4
 DE,Sussex,9868726.4
 FL,Alachua,10339780.6
 FL,Baker,792222.0
 FL,Bay,7230686.4
 FL,Bradford,827305.8
 FL,Brevard,23190953.6
 FL,Broward,85394453.2
 FL,Calhoun,357006.0
 FL,Charlotte,6601032.2
 FL,Citrus,5016946.0
 FL,Clay,8064133.8
 FL,Collier,28895444.2
 FL,Columbia,2174165.0
 FL,DeSoto,823324.4
 FL,Dixie,408404.0
 FL,Duval,38041531.4
 FL,Escambia,11977121.6
 FL,Flagler,4240986.2
 FL,Franklin,379743.6
 FL,Gadsden,1434365.6
 FL,Gilchrist,532313.6
 FL,Glades,297638.8
 FL,Gulf,488464.4
 FL,Hamilton,336331.2
 FL,Hardee,731465.8
 FL,Hendry,1160278.4
 FL,Hernando,6087071.0
 FL,Highlands,3200048.2
 FL,Hillsborough,58051498.6
 FL,Holmes,535435.6
 FL,Indian River,10080700.0
 FL,Jackson,1399915.4
 FL,Jefferson,529830.8
 FL,Lafayette,208758.4
 FL,Lake,12364720.8
 FL,Lee,32349017.2
 FL,Leon,11479471.0
 FL,Levy,1281762.8
 FL,Liberty,184942.2
 FL,Madison,536059.4
 FL,Manatee,15686338.6
 FL,Marion,11590395.4
 FL,Martin,11232903.8
 FL,Miami-Dade,116847592.8
 FL,Monroe,5731396.4
 FL,Nassau,4035146.6
 FL,Okaloosa,8890498.6
 FL,Okeechobee,1167597.4
 FL,Orange,51298516.6
 FL,Osceola,9808005.2
 FL,Palm Beach,98236685.6
 FL,Pasco,18256176.0
 FL,Pinellas,45170646.2
 FL,Polk,21601887.0
 FL,Putnam,2093751.6
 FL,Santa Rosa,6774004.0
 FL,Sarasota,23107254.6
 FL,Seminole,19363203.8
 FL,St. Johns,13865716.6
 FL,St. Lucie,10793004.8
 FL,Sumter,4737043.2
 FL,Suwannee,1338319.2
 FL,Taylor,610676.2
 FL,Union,296618.2
 FL,Volusia,19751693.4
 FL,Wakulla,1020603.6
 FL,Walton,3293151.6
 FL,Washington,657292.4
" Fairfax City + Falls Church, VA*",Fairfax,87996140.0
 GA,Appling,553491.2
 GA,Atkinson,217118.0
 GA,Bacon,336965.8
 GA,Baker,114063.6
 GA,Baldwin,1369405.4
 GA,Banks,586929.8
 GA,Barrow,2487817.8
 GA,Bartow,3554352.0
 GA,Ben Hill,501312.8
 GA,Berrien,528063.2
 GA,Bibb,5826942.0
 GA,Bleckley,400201.0
 GA,Brantley,456898.6
 GA,Brooks,501795.6
 GA,Bryan,1682028.6
 GA,Bulloch,2150136.8
 GA,Burke,732867.6
 GA,Butts,710187.8
 GA,Calhoun,146864.2
 GA,Camden,1710187.8
 GA,Candler,296783.0
 GA,Carroll,3947973.6
 GA,Catoosa,2126279.0
 GA,Charlton,293370.8
 GA,Chatham,12138471.0
 GA,Chattahoochee,327461.4
 GA,Chattooga,694027.6
 GA,Cherokee,10678765.6
 GA,Clarke,3763583.4
 GA,Clay,84155.8
 GA,Clayton,7154428.2
 GA,Clinch,229418.8
 GA,Cobb,36646105.2
 GA,Coffee,1237417.4
 GA,Colquitt,1332814.0
 GA,Columbia,6529844.2
 GA,Cook,501218.2
 GA,Coweta,5696860.4
 GA,Crawford,380582.8
 GA,Crisp,652552.0
 GA,Dade,511651.0
 GA,Dawson,926643.8
 GA,DeKalb,32214237.6
 GA,Decatur,900492.2
 GA,Dodge,587746.6
 GA,Dooly,351343.4
 GA,Dougherty,3030063.4
 GA,Douglas,4518726.6
 GA,Early,372608.4
 GA,Echols,99234.4
 GA,Effingham,2142259.6
 GA,Elbert,618241.0
 GA,Emanuel,659943.0
 GA,Evans,345675.6
 GA,Fannin,764859.2
 GA,Fayette,6114323.4
 GA,Floyd,3377609.8
 GA,Forsyth,11986199.6
 GA,Franklin,747720.2
 GA,Fulton,72862716.2
 GA,Gilmer,944020.4
 GA,Glascock,93636.0
 GA,Glynn,3372844.4
 GA,Gordon,1789120.2
 GA,Grady,775181.2
 GA,Greene,793506.2
 GA,Gwinnett,33408506.2
 GA,Habersham,1362911.6
 GA,Hall,7338753.4
 GA,Hancock,226323.2
 GA,Haralson,936430.2
 GA,Harris,1427206.2
 GA,Hart,858765.8
 GA,Heard,330361.2
 GA,Henry,7694246.6
 GA,Houston,5892616.2
 GA,Irwin,268953.2
 GA,Jackson,2362339.8
 GA,Jasper,461205.8
 GA,Jeff Davis,427346.2
 GA,Jefferson,479943.4
 GA,Jenkins,235857.2
 GA,Johnson,230074.8
 GA,Jones,975261.6
 GA,Lamar,559094.6
 GA,Lanier,254843.6
 GA,Laurens,1577951.0
 GA,Lee,1250024.0
 GA,Liberty,2024678.4
 GA,Lincoln,258979.4
 GA,Long,475778.4
 GA,Lowndes,3851535.4
 GA,Lumpkin,1047530.2
 GA,Macon,387681.2
 GA,Madison,942861.6
 GA,Marion,223149.8
 GA,McDuffie,708964.0
 GA,McIntosh,372479.8
 GA,Meriwether,669210.6
 GA,Miller,215547.8
 GA,Mitchell,716229.6
 GA,Monroe,1085574.2
 GA,Montgomery,248132.8
 GA,Morgan,779306.2
 GA,Murray,1077649.0
 GA,Muscogee,7804617.8
 GA,Newton,3222352.2
 GA,Oconee,2073569.6
 GA,Oglethorpe,509433.8
 GA,Paulding,5118533.2
 GA,Peach,929424.2
 GA,Pickens,1277601.0
 GA,Pierce,606084.2
 GA,Pike,634399.2
 GA,Polk,1220800.0
 GA,Pulaski,308608.0
 GA,Putnam,792176.2
 GA,Quitman,63030.2
 GA,Rabun,594221.4
 GA,Randolph,207001.8
 GA,Richmond,6876561.0
 GA,Rockdale,2870150.2
 GA,Schley,146120.8
 GA,Screven,426985.2
 GA,Seminole,330113.4
 GA,Spalding,2039962.0
 GA,Stephens,920748.6
 GA,Stewart,125039.4
 GA,Sumter,977457.6
 GA,Talbot,200611.2
 GA,Taliaferro,51496.2
 GA,Tattnall,668050.0
 GA,Taylor,229960.4
 GA,Telfair,313150.2
 GA,Terrell,335854.6
 GA,Thomas,1757020.8
 GA,Tift,1394788.4
 GA,Toombs,899182.2
 GA,Towns,372683.0
 GA,Treutlen,183853.8
 GA,Troup,2376510.6
 GA,Turner,258317.2
 GA,Twiggs,289199.8
 GA,Union,729921.8
 GA,Upson,846814.4
 GA,Walker,2056971.6
 GA,Walton,3173525.2
 GA,Ware,1094090.2
 GA,Warren,167141.0
 GA,Washington,660997.2
 GA,Wayne,866911.4
 GA,Webster,76079.4
 GA,Wheeler,146190.2
 GA,White,891130.2
 GA,Whitfield,3570654.0
 GA,Wilcox,213261.6
 GA,Wilkes,356605.6
 GA,Wilkinson,304237.8
 GA,Worth,627213.2
 HI,Hawaii,7291853.2
 HI,Honolulu,52277820.4
 HI,Kauai,3041378.0
 HI*,Maui + Kalawao,7105574.6
 IA,Adair,333985.0
 IA,Adams,238649.4
 IA,Allamakee,593063.8
 IA,Appanoose,434595.2
 IA,Audubon,262882.6
 IA,Benton,1233969.6
 IA,Black Hawk,5379990.4
 IA,Boone,1188874.8
 IA,Bremer,1116739.0
 IA,Buchanan,907960.6
 IA,Buena Vista,922543.4
 IA,Butler,675259.2
 IA,Calhoun,456335.4
 IA,Carroll,1011352.8
 IA,Cass,585466.0
 IA,Cedar,900605.2
 IA,Cerro Gordo,2152021.2
 IA,Cherokee,650158.8
 IA,Chickasaw,656524.4
 IA,Clarke,347048.4
 IA,Clay,773625.6
 IA,Clayton,796402.4
 IA,Clinton,1935471.6
 IA,Crawford,691984.6
 IA,Dallas,4847030.0
 IA,Davis,300084.0
 IA,Decatur,248028.2
 IA,Delaware,794685.2
 IA,Des Moines,1853103.4
 IA,Dickinson,915708.4
 IA,Dubuque,4240105.4
 IA,Emmet,405036.6
 IA,Fayette,805481.2
 IA,Floyd,684969.6
 IA,Franklin,508546.2
 IA,Fremont,303060.0
 IA,Greene,419159.6
 IA,Grundy,604454.8
 IA,Guthrie,525520.2
 IA,Hamilton,736545.8
 IA,Hancock,544666.6
 IA,Hardin,820706.0
 IA,Harrison,612913.0
 IA,Henry,770435.0
 IA,Howard,416729.8
 IA,Humboldt,451580.2
 IA,Ida,331479.4
 IA,Iowa,799342.4
 IA,Jackson,792648.0
 IA,Jasper,1443267.2
 IA,Jefferson,670400.0
 IA,Johnson,6890241.2
 IA,Jones,825391.2
 IA,Keokuk,431405.2
 IA,Kossuth,744627.4
 IA,Lee,1319716.4
 IA,Linn,10644949.8
 IA,Louisa,417202.2
 IA,Lucas,332689.8
 IA,Lyon,664120.0
 IA,Madison,700991.0
 IA,Mahaska,864130.4
 IA,Marion,1406116.6
 IA,Marshall,1603430.2
 IA,Mills,755044.0
 IA,Mitchell,601477.4
 IA,Monona,403316.8
 IA,Monroe,304458.0
 IA,Montgomery,398448.0
 IA,Muscatine,1842363.6
 IA,O'Brien,757067.2
 IA,Osceola,338297.4
 IA,Page,595389.6
 IA,Palo Alto,471422.8
 IA,Plymouth,1337947.8
 IA,Pocahontas,364278.4
 IA,Polk,22705566.0
 IA,Pottawattamie,3862889.2
 IA,Poweshiek,799357.8
 IA,Ringgold,205848.0
 IA,Sac,504181.8
 IA,Scott,8464631.0
 IA,Shelby,589184.6
 IA,Sioux,1712307.2
 IA,Story,3682780.0
 IA,Tama,720385.4
 IA,Taylor,246134.8
 IA,Union,471281.4
 IA,Van Buren,264788.0
 IA,Wapello,1244450.4
 IA,Warren,2208837.6
 IA,Washington,1106151.0
 IA,Wayne,253045.2
 IA,Webster,1567237.4
 IA,Winnebago,438141.6
 IA,Winneshiek,935845.2
 IA,Woodbury,4102174.8
 IA,Worth,325330.0
 IA,Wright,669492.6
 ID,Ada,20406717.6
 ID,Adams,138467.8
 ID,Bannock,2897929.4
 ID,Bear Lake,214149.4
 ID,Benewah,307121.4
 ID,Bingham,1498356.4
 ID,Blaine,2008022.2
 ID,Boise,270684.6
 ID,Bonner,1529171.6
 ID,Bonneville,4599030.4
 ID,Boundary,382218.0
 ID,Butte,95101.2
 ID,Camas,42353.2
 ID,Canyon,6067321.0
 ID,Caribou,255256.0
 ID,Cassia,1010316.4
 ID,Clark,33547.6
 ID,Clearwater,279692.6
 ID,Custer,172781.8
 ID,Elmore,912366.4
 ID,Franklin,433079.8
 ID,Fremont (includes Yellowstone Park),432512.2
 ID,Gem,571300.0
 ID,Gooding,814718.0
 ID,Idaho,509961.4
 ID,Jefferson,863861.4
 ID,Jerome,847791.4
 ID,Kootenai,5964587.0
 ID,Latah,1441072.6
 ID,Lemhi,293436.0
 ID,Lewis,175093.2
 ID,Lincoln,184157.6
 ID,Madison,897768.6
 ID,Minidoka,742196.6
 ID,Nez Perce,1590586.8
 ID,Oneida,140897.8
 ID,Owyhee,380632.4
 ID,Payette,837175.4
 ID,Power,266748.2
 ID,Shoshone,433214.2
 ID,Teton,359023.2
 ID,Twin Falls,2984931.6
 ID,Valley,445742.6
 ID,Washington,335011.8
 IL,Adams,2808222.8
 IL,Alexander,209303.6
 IL,Bond,567932.0
 IL,Boone,2266676.0
 IL,Brown,209033.4
 IL,Bureau,1358189.0
 IL,Calhoun,181924.0
 IL,Carroll,618321.8
 IL,Cass,497757.8
 IL,Champaign,8949211.6
 IL,Christian,1286967.2
 IL,Clark,613352.2
 IL,Clay,482586.0
 IL,Clinton,1607355.2
 IL,Coles,1958182.2
 IL,Cook,289733366.4
 IL,Crawford,858107.8
 IL,Cumberland,441219.2
 IL,De Witt,753748.2
 IL,DeKalb,3874905.4
 IL,Douglas,919051.4
 IL,DuPage,60186574.6
 IL,Edgar,676115.0
 IL,Edwards,250367.6
 IL,Effingham,1516846.2
 IL,Fayette,712243.0
 IL,Ford,688202.4
 IL,Franklin,1371722.4
 IL,Fulton,1236207.6
 IL,Gallatin,229363.2
 IL,Greene,460307.0
 IL,Grundy,2520713.4
 IL,Hamilton,343127.0
 IL,Hancock,769768.6
 IL,Hardin,142111.0
 IL,Henderson,280211.4
 IL,Henry,2144292.6
 IL,Iroquois,1163867.8
 IL,Jackson,2012852.0
 IL,Jasper,401773.8
 IL,Jefferson,1375491.2
 IL,Jersey,833516.0
 IL,Jo Daviess,994475.8
 IL,Johnson,409489.4
 IL,Kane,24323196.4
 IL,Kankakee,4167859.4
 IL,Kendall,5495282.8
 IL,Knox,1915011.0
 IL,LaSalle,4497077.8
 IL,Lake,49951497.6
 IL,Lawrence,500482.2
 IL,Lee,1349801.8
 IL,Livingston,1551292.0
 IL,Logan,1045865.8
 IL,Macon,4810510.4
 IL,Macoupin,1716812.2
 IL,Madison,11214746.2
 IL,Marion,1477224.2
 IL,Marshall,514365.8
 IL,Mason,545339.0
 IL,Massac,519739.0
 IL,McDonough,1135389.6
 IL,McHenry,15376560.0
 IL,McLean,7901421.4
 IL,Menard,519772.2
 IL,Mercer,663926.0
 IL,Monroe,1766788.4
 IL,Montgomery,992646.2
 IL,Morgan,1298192.6
 IL,Moultrie,787356.4
 IL,Ogle,2174442.6
 IL,Peoria,8739697.0
 IL,Perry,744377.2
 IL,Piatt,802390.4
 IL,Pike,626575.2
 IL,Pope,118657.2
 IL,Pulaski,193455.8
 IL,Putnam,308840.4
 IL,Randolph,1092382.0
 IL,Richland,632705.4
 IL,Rock Island,6053855.6
 IL,Saline,908163.8
 IL,Sangamon,8772750.2
 IL,Schuyler,295221.6
 IL,Scott,191602.4
 IL,Shelby,804035.8
 IL,St. Clair,10806482.0
 IL,Stark,224746.6
 IL,Stephenson,1827212.6
 IL,Tazewell,5845363.6
 IL,Union,675755.2
 IL,Vermilion,2875644.8
 IL,Wabash,479924.2
 IL,Warren,659725.6
 IL,Washington,646765.8
 IL,Wayne,652993.2
 IL,White,633973.0
 IL,Whiteside,2289558.0
 IL,Will,32543543.0
 IL,Williamson,2761357.2
 IL,Winnebago,11312517.2
 IL,Woodford,1894108.2
 IN,Adams,1237559.4
 IN,Allen,15295869.8
 IN,Bartholomew,3674825.0
 IN,Benton,344519.2
 IN,Blackford,422462.4
 IN,Boone,4144687.2
 IN,Brown,630046.4
 IN,Carroll,794217.6
 IN,Cass,1353352.4
 IN,Clark,4697560.4
 IN,Clay,918107.6
 IN,Clinton,1138855.6
 IN,Crawford,321380.0
 IN,Daviess,1249039.6
 IN,DeKalb,1656744.2
 IN,Dearborn,2112115.0
 IN,Decatur,1028104.2
 IN,Delaware,3881809.8
 IN,Dubois,2161767.2
 IN,Elkhart,8106244.0
 IN,Fayette,852552.4
 IN,Floyd,3777213.0
 IN,Fountain,608050.0
 IN,Franklin,959460.4
 IN,Fulton,762239.0
 IN,Gibson,1394155.4
 IN,Grant,2452914.6
 IN,Greene,1147895.2
 IN,Hamilton,20522502.6
 IN,Hancock,3290839.6
 IN,Harrison,1505688.4
 IN,Hendricks,7050992.2
 IN,Henry,1664689.2
 IN,Howard,3107125.6
 IN,Huntington,1375823.4
 IN,Jackson,1723107.6
 IN,Jasper,1364297.6
 IN,Jay,761127.4
 IN,Jefferson,1230259.2
 IN,Jennings,975184.6
 IN,Johnson,6546130.2
 IN,Knox,1548148.4
 IN,Kosciusko,3407819.4
 IN,LaPorte,4190436.6
 IN,Lagrange,1389809.6
 IN,Lake,19534564.4
 IN,Lawrence,1649590.4
 IN,Madison,4489682.4
 IN,Marion,45055942.0
 IN,Marshall,1744669.0
 IN,Martin,362302.4
 IN,Miami,1134426.8
 IN,Monroe,5279249.4
 IN,Montgomery,1458745.2
 IN,Morgan,2776150.4
 IN,Newton,517921.0
 IN,Noble,1676135.4
 IN,Ohio,215372.6
 IN,Orange,653561.8
 IN,Owen,735290.6
 IN,Parke,557965.8
 IN,Perry,657242.8
 IN,Pike,463966.8
 IN,Porter,7776872.2
 IN,Posey,1158519.6
 IN,Pulaski,509445.4
 IN,Putnam,1273407.6
 IN,Randolph,899957.6
 IN,Ripley,1068015.0
 IN,Rush,698295.6
 IN,Scott,809962.4
 IN,Shelby,1767788.8
 IN,Spencer,825931.2
 IN,St. Joseph,11454525.8
 IN,Starke,740396.2
 IN,Steuben,1291723.6
 IN,Sullivan,671835.8
 IN,Switzerland,295299.8
 IN,Tippecanoe,6506215.4
 IN,Tipton,631044.4
 IN,Union,251720.6
 IN,Vanderburgh,7565028.6
 IN,Vermillion,557310.0
 IN,Vigo,3783465.8
 IN,Wabash,1240505.2
 IN,Warren,348262.2
 IN,Warrick,3079052.4
 IN,Washington,961283.4
 IN,Wayne,2510899.6
 IN,Wells,1081082.8
 IN,White,960070.2
 IN,Whitley,1340645.8
 KS,Allen,466739.0
 KS,Anderson,304396.0
 KS,Atchison,564495.2
 KS,Barber,202495.0
 KS,Barton,1260901.4
 KS,Bourbon,560977.4
 KS,Brown,407691.0
 KS,Butler,2824928.4
 KS,Chase,121062.2
 KS,Chautauqua,135042.4
 KS,Cherokee,710503.8
 KS,Cheyenne,119429.0
 KS,Clark,113296.8
 KS,Clay,329836.0
 KS,Cloud,323337.6
 KS,Coffey,453577.4
 KS,Comanche,78815.6
 KS,Cowley,1312381.4
 KS,Crawford,1336525.4
 KS,Decatur,131477.0
 KS,Dickinson,716662.2
 KS,Doniphan,275533.2
 KS,Douglas,4616893.2
 KS,Edwards,154006.4
 KS,Elk,103782.2
 KS,Ellis,1293018.2
 KS,Ellsworth,235596.0
 KS,Finney,1461562.6
 KS,Ford,1201131.4
 KS,Franklin,977796.6
 KS,Geary,1581131.6
 KS,Gove,155671.0
 KS,Graham,121647.0
 KS,Grant,385268.2
 KS,Gray,440114.2
 KS,Greeley,68965.4
 KS,Greenwood,247994.8
 KS,Hamilton,164232.4
 KS,Harper,249161.6
 KS,Harvey,1346353.2
 KS,Haskell,278621.8
 KS,Hodgeman,87633.2
 KS,Jackson,502874.0
 KS,Jefferson,746154.0
 KS,Jewell,141398.6
 KS,Johnson,37925003.2
 KS,Kearny,213338.4
 KS,Kingman,324294.4
 KS,Kiowa,94607.2
 KS,Labette,785072.4
 KS,Lane,141963.2
 KS,Leavenworth,3113912.2
 KS,Lincoln,118686.0
 KS,Linn,318030.6
 KS,Logan,132535.0
 KS,Lyon,1135848.4
 KS,Marion,475533.0
 KS,Marshall,431651.0
 KS,McPherson,1358874.0
 KS,Meade,253699.8
 KS,Miami,1427601.8
 KS,Mitchell,315518.0
 KS,Montgomery,1161333.4
 KS,Morris,229993.8
 KS,Morton,119716.4
 KS,Nemaha,509890.0
 KS,Neosho,583862.2
 KS,Ness,149817.6
 KS,Norton,225294.8
 KS,Osage,601029.4
 KS,Osborne,163836.0
 KS,Ottawa,230852.6
 KS,Pawnee,282917.0
 KS,Phillips,272249.8
 KS,Pottawatomie,1167695.2
 KS,Pratt,438015.0
 KS,Rawlins,123295.4
 KS,Reno,2344172.6
 KS,Republic,214240.0
 KS,Rice,429474.4
 KS,Riley,2956829.0
 KS,Rooks,201825.8
 KS,Rush,137794.2
 KS,Russell,327224.4
 KS,Saline,2455683.6
 KS,Scott,330979.2
 KS,Sedgwick,24954160.6
 KS,Seward,827643.2
 KS,Shawnee,7566979.4
 KS,Sheridan,131797.4
 KS,Sherman,232440.8
 KS,Smith,160226.8
 KS,Stafford,209756.2
 KS,Stanton,120784.2
 KS,Stevens,227678.6
 KS,Sumner,877436.4
 KS,Thomas,323714.4
 KS,Trego,133980.2
 KS,Wabaunsee,322209.0
 KS,Wallace,79485.6
 KS,Washington,247809.6
 KS,Wichita,166421.4
 KS,Wilson,359850.0
 KS,Woodson,111154.6
 KS,Wyandotte,6368513.2
 KY,Adair,546865.8
 KY,Allen,606827.4
 KY,Anderson,811646.0
 KY,Ballard,294351.8
 KY,Barren,1472442.4
 KY,Bath,351040.6
 KY,Bell,739706.6
 KY,Boone,5459781.0
 KY,Bourbon,825179.6
 KY,Boyd,1719559.4
 KY,Boyle,1036558.6
 KY,Bracken,272172.8
 KY,Breathitt,409732.2
 KY,Breckinridge,640537.6
 KY,Bullitt,2884062.8
 KY,Butler,406353.6
 KY,Caldwell,413387.8
 KY,Calloway,1281633.0
 KY,Campbell,3972556.2
 KY,Carlisle,208101.2
 KY,Carroll,392552.8
 KY,Carter,773429.2
 KY,Casey,458471.6
 KY,Christian,2626961.6
 KY,Clark,1323670.8
 KY,Clay,583257.6
 KY,Clinton,302277.6
 KY,Crittenden,301233.2
 KY,Cumberland,211231.2
 KY,Daviess,3868927.4
 KY,Edmonson,356064.6
 KY,Elliott,157214.6
 KY,Estill,423428.0
 KY,Fayette,14333935.0
 KY,Fleming,455421.4
 KY,Floyd,1236087.6
 KY,Franklin,1974874.2
 KY,Fulton,200962.2
 KY,Gallatin,249882.6
 KY,Garrard,552388.4
 KY,Grant,798501.8
 KY,Graves,1322820.8
 KY,Grayson,803380.4
 KY,Green,348086.2
 KY,Greenup,1320340.8
 KY,Hancock,303362.6
 KY,Hardin,4266347.4
 KY,Harlan,772652.8
 KY,Harrison,597151.6
 KY,Hart,547029.6
 KY,Henderson,1691325.6
 KY,Henry,549358.2
 KY,Hickman,195105.6
 KY,Hopkins,1688914.0
 KY,Jackson,356214.2
 KY,Jefferson,35243223.4
 KY,Jessamine,2066185.2
 KY,Johnson,710956.0
 KY,Kenton,8261202.2
 KY,Knott,443527.0
 KY,Knox,864458.6
 KY,Larue,469158.0
 KY,Laurel,1853881.6
 KY,Lawrence,471382.0
 KY,Lee,200742.0
 KY,Leslie,318037.2
 KY,Letcher,658545.6
 KY,Lewis,378023.8
 KY,Lincoln,709841.2
 KY,Livingston,324035.4
 KY,Logan,884073.2
 KY,Lyon,261533.0
 KY,Madison,2934747.2
 KY,Magoffin,360055.8
 KY,Marion,622668.8
 KY,Marshall,1177496.4
 KY,Martin,315464.4
 KY,Mason,629341.8
 KY,McCracken,2981757.4
 KY,McCreary,413108.4
 KY,McLean,356048.0
 KY,Meade,1015336.4
 KY,Menifee,180390.8
 KY,Mercer,745082.2
 KY,Metcalfe,287123.8
 KY,Monroe,355008.6
 KY,Montgomery,897649.6
 KY,Morgan,336274.0
 KY,Muhlenberg,1005090.2
 KY,Nelson,1746132.0
 KY,Nicholas,226004.8
 KY,Ohio,732989.8
 KY,Oldham,3555581.6
 KY,Owen,337591.8
 KY,Owsley,129388.2
 KY,Pendleton,639966.0
 KY,Perry,955481.8
 KY,Pike,2011930.4
 KY,Powell,357910.6
 KY,Pulaski,2136745.4
 KY,Robertson,66252.6
 KY,Rockcastle,479795.0
 KY,Rowan,703445.8
 KY,Russell,555165.8
 KY,Scott,2087140.2
 KY,Shelby,1850071.6
 KY,Simpson,642359.0
 KY,Spencer,717970.8
 KY,Taylor,807033.0
 KY,Todd,453429.4
 KY,Trigg,505213.0
 KY,Trimble,287428.0
 KY,Union,485538.4
 KY,Warren,4395256.8
 KY,Washington,401219.4
 KY,Wayne,545594.0
 KY,Webster,502500.2
 KY,Whitley,1100717.8
 KY,Wolfe,206879.8
 KY,Woodford,1234557.0
 LA,Acadia,2238748.6
 LA,Allen,768212.6
 LA,Ascension,5461035.6
 LA,Assumption,950616.6
 LA,Avoyelles,1447773.8
 LA,Beauregard,1439945.0
 LA,Bienville,463093.6
 LA,Bossier,5141711.4
 LA,Caddo,11436247.0
 LA,Calcasieu,8521072.0
 LA,Caldwell,314827.0
 LA,Cameron,297433.6
 LA,Catahoula,329117.0
 LA,Claiborne,550059.8
 LA,Concordia,616749.0
 LA,De Soto,1011466.4
 LA,East Baton Rouge,20637563.8
 LA,East Carroll,255110.0
 LA,East Feliciana,748534.2
 LA,Evangeline,1066594.4
 LA,Franklin,608489.2
 LA,Grant,660406.0
 LA,Iberia,2784572.6
 LA,Iberville,1221092.8
 LA,Jackson,509228.0
 LA,Jefferson,20466192.6
 LA,Jefferson Davis,1200153.8
 LA,LaSalle,456326.6
 LA,Lafayette,11549409.2
 LA,Lafourche,4342478.0
 LA,Lincoln,1703442.0
 LA,Livingston,5143455.4
 LA,Madison,352442.6
 LA,Morehouse,945627.8
 LA,Natchitoches,1363042.2
 LA,Orleans,18187729.2
 LA,Ouachita,5837236.8
 LA,Plaquemines,1088801.6
 LA,Pointe Coupee,909837.2
 LA,Rapides,5575608.2
 LA,Red River,300542.4
 LA,Richland,712383.6
 LA,Sabine,769901.6
 LA,St. Bernard,1343796.6
 LA,St. Charles,2404027.0
 LA,St. Helena,407096.0
 LA,St. James,929666.8
 LA,St. John the Baptist,1708230.6
 LA,St. Landry,3248421.2
 LA,St. Martin,2026172.4
 LA,St. Mary,2012218.6
 LA,St. Tammany,13636314.2
 LA,Tangipahoa,4646654.2
 LA,Tensas,167080.6
 LA,Terrebonne,4667368.4
 LA,Union,795400.8
 LA,Vermilion,2288607.6
 LA,Vernon,1949928.6
 LA,Washington,1467007.8
 LA,Webster,1443382.6
 LA,West Baton Rouge,1120143.2
 LA,West Carroll,358573.4
 LA,West Feliciana,531404.8
 LA,Winn,504339.4
 MA,Barnstable,13870235.2
 MA,Berkshire,6433321.8
 MA,Bristol,26679883.8
 MA,Dukes,1381268.8
 MA,Essex,46451937.6
 MA,Franklin,3482909.8
 MA,Hampden,21828290.6
 MA,Hampshire,7653723.6
 MA,Middlesex,116468773.4
 MA,Nantucket,1209531.8
 MA,Norfolk,55878046.4
 MA,Plymouth,30181345.2
 MA,Suffolk,52777024.2
 MA,Worcester,41852315.4
 MD,Allegany,2675234.6
 MD,Anne Arundel,34407718.6
 MD,Baltimore,45783422.4
 MD,Baltimore (Independent City),28312106.8
 MD,Calvert,5124160.6
 MD,Caroline,1378130.2
 MD,Carroll,9456709.4
 MD,Cecil,4441812.2
 MD,Charles,8159900.2
 MD,Dorchester,1363467.4
 MD,Frederick,13663434.2
 MD,Garrett,1215146.4
 MD,Harford,13232439.6
 MD,Howard,22199317.6
 MD,Kent,1063939.6
 MD,Montgomery,82263691.6
 MD,Prince George's,40572490.8
 MD,Queen Anne's,2830127.0
 MD,Somerset,767987.4
 MD,St. Mary's,5771295.0
 MD,Talbot,2478561.6
 MD,Washington,6421444.8
 MD,Wicomico,3952695.6
 MD,Worcester,2783974.2
 ME,Androscoggin,4031880.2
 ME,Aroostook,2534809.6
 ME,Cumberland,15635130.2
 ME,Franklin,1074673.0
 ME,Hancock,2502262.8
 ME,Kennebec,4987172.4
 ME,Knox,1788052.6
 ME,Lincoln,1555646.4
 ME,Oxford,1955091.8
 ME,Penobscot,5729204.2
 ME,Piscataquis,586869.4
 ME,Sagadahoc,1622294.4
 ME,Somerset,1781513.4
 ME,Waldo,1444141.0
 ME,Washington,1178829.6
 ME,York,9311890.6
 MI,Alcona,353398.8
 MI,Alger,279037.8
 MI,Allegan,4555663.2
 MI,Alpena,1055401.6
 MI,Antrim,947911.6
 MI,Arenac,509776.2
 MI,Baraga,259021.8
 MI,Barry,2404874.6
 MI,Bay,4008924.8
 MI,Benzie,661683.0
 MI,Berrien,6529432.6
 MI,Branch,1436545.4
 MI,Calhoun,4927919.2
 MI,Cass,2023867.4
 MI,Charlevoix,1179343.6
 MI,Cheboygan,893522.2
 MI,Chippewa,1180296.4
 MI,Clare,942913.2
 MI,Clinton,3189582.0
 MI,Crawford,420572.2
 MI,Delta,1313339.2
 MI,Dickinson,1088496.4
 MI,Eaton,4151555.4
 MI,Emmet,1631485.6
 MI,Genesee,15146706.8
 MI,Gladwin,826339.0
 MI,Gogebic,552977.2
 MI,Grand Traverse,4014530.8
 MI,Gratiot,1377318.0
 MI,Hillsdale,1482356.0
 MI,Houghton,1222127.2
 MI,Huron,1318930.4
 MI,Ingham,10521433.4
 MI,Ionia,1999033.2
 MI,Iosco,848704.2
 MI,Iron,444258.4
 MI,Isabella,2240327.0
 MI,Jackson,5660610.6
 MI,Kalamazoo,11303904.8
 MI,Kalkaska,550691.8
 MI,Kent,31023116.4
 MI,Keweenaw,87024.0
 MI,Lake,331069.2
 MI,Lapeer,3380196.2
 MI,Leelanau,1285163.4
 MI,Lenawee,3521054.6
 MI,Livingston,9503821.8
 MI,Luce,179731.8
 MI,Mackinac,425430.0
 MI,Macomb,36151002.8
 MI,Manistee,837723.4
 MI,Marquette,2432713.8
 MI,Mason,1056532.4
 MI,Mecosta,1292639.8
 MI,Menominee,891338.6
 MI,Midland,3801165.8
 MI,Missaukee,465949.8
 MI,Monroe,6267181.0
 MI,Montcalm,1956406.0
 MI,Montmorency,306652.4
 MI,Muskegon,5997658.8
 MI,Newaygo,1619426.2
 MI,Oakland,79226065.8
 MI,Oceana,895501.4
 MI,Ogemaw,653057.4
 MI,Ontonagon,213079.4
 MI,Osceola,750097.6
 MI,Oscoda,251824.8
 MI,Otsego,894742.6
 MI,Ottawa,12074379.0
 MI,Presque Isle,446353.2
 MI,Roscommon,796688.6
 MI,Saginaw,6874827.4
 MI,Sanilac,1406679.2
 MI,Schoolcraft,286259.4
 MI,Shiawassee,2416679.4
 MI,St. Clair,6262871.4
 MI,St. Joseph,2073183.2
 MI,Tuscola,1835836.6
 MI,Van Buren,2782120.2
 MI,Washtenaw,18839752.4
 MI,Wayne,68262701.4
 MI,Wexford,1074978.8
 MN,Aitkin,556702.0
 MN,Anoka,15789441.8
 MN,Becker,1448569.0
 MN,Beltrami,1701274.2
 MN,Benton,1560558.2
 MN,Big Stone,253089.6
 MN,Blue Earth,2747230.2
 MN,Brown,1205645.2
 MN,Carlton,1357282.4
 MN,Carver,6299331.6
 MN,Cass,1204330.6
 MN,Chippewa,550206.2
 MN,Chisago,2351470.2
 MN,Clay,2488593.8
 MN,Clearwater,341004.4
 MN,Cook,255663.0
 MN,Cottonwood,513612.0
 MN,Crow Wing,2564486.4
 MN,Dakota,22400485.4
 MN,Dodge,858796.6
 MN,Douglas,1836094.6
 MN,Faribault,544268.0
 MN,Fillmore,858512.8
 MN,Freeborn,1221053.4
 MN,Goodhue,2201351.0
 MN,Grant,293125.6
 MN,Hennepin,81312331.8
 MN,Houston,865424.4
 MN,Hubbard,789768.8
 MN,Isanti,1537445.4
 MN,Itasca,1746166.6
 MN,Jackson,501755.0
 MN,Kanabec,607778.8
 MN,Kandiyohi,2044495.2
 MN,Kittson,225477.6
 MN,Koochiching,477588.6
 MN,Lac qui Parle,356100.8
 MN,Lake,460622.4
 MN,Lake of the Woods,182206.8
 MN,Le Sueur,1223914.6
 MN,Lincoln,259801.2
 MN,Lyon,1181224.6
 MN,Mahnomen,193747.0
 MN,Marshall,440489.4
 MN,Martin,972255.8
 MN,McLeod,1609733.6
 MN,Meeker,915545.6
 MN,Mille Lacs,977673.0
 MN,Morrison,1259793.2
 MN,Mower,1678703.8
 MN,Murray,465729.8
 MN,Nicollet,1523331.6
 MN,Nobles,939777.6
 MN,Norman,266236.8
 MN,Olmsted,7733553.2
 MN,Otter Tail,2527322.2
 MN,Pennington,693475.2
 MN,Pine,968286.6
 MN,Pipestone,488094.0
 MN,Polk,1401524.2
 MN,Pope,497752.4
 MN,Ramsey,26434221.8
 MN,Red Lake,187656.2
 MN,Redwood,778233.0
 MN,Renville,744112.8
 MN,Rice,2575916.0
 MN,Rock,471274.8
 MN,Roseau,693816.4
 MN,Scott,7514954.6
 MN,Sherburne,3893532.0
 MN,Sibley,662182.0
 MN,St. Louis,8549672.6
 MN,Stearns,6595356.4
 MN,Steele,1520249.4
 MN,Stevens,478743.4
 MN,Swift,443163.8
 MN,Todd,907335.0
 MN,Traverse,180240.4
 MN,Wabasha,927682.0
 MN,Wadena,492408.8
 MN,Waseca,824098.6
 MN,Washington,14894598.8
 MN,Watonwan,451724.8
 MN,Wilkin,326936.6
 MN,Winona,2272146.0
 MN,Wright,5886529.0
 MN,Yellow Medicine,536803.0
 MO,Adair,781354.2
 MO,Andrew,716100.6
 MO,Atchison,253493.0
 MO,Audrain,960361.2
 MO,Barry,1132514.4
 MO,Barton,407271.4
 MO,Bates,567897.0
 MO,Benton,627316.4
 MO,Bollinger,365816.8
 MO,Boone,7522510.2
 MO,Buchanan,3259151.2
 MO,Butler,1440735.4
 MO,Caldwell,299679.6
 MO,Callaway,1560049.8
 MO,Camden,1515753.6
 MO,Cape Girardeau,3200370.8
 MO,Carroll,382583.4
 MO,Carter,183528.6
 MO,Cass,4300238.8
 MO,Cedar,406063.6
 MO,Chariton,308838.6
 MO,Christian,2987309.0
 MO,Clark,231213.4
 MO,Clay,10422744.8
 MO,Clinton,805645.6
 MO,Cole,3289728.6
 MO,Cooper,613850.2
 MO,Crawford,786465.8
 MO,Dade,248389.2
 MO,Dallas,497770.8
 MO,Daviess,271843.0
 MO,DeKalb,321449.0
 MO,Dent,467490.0
 MO,Douglas,336192.4
 MO,Dunklin,993837.6
 MO,Franklin,4029927.0
 MO,Gasconade,522879.8
 MO,Gentry,268629.2
 MO,Greene,11221384.2
 MO,Grundy,327976.4
 MO,Harrison,293421.4
 MO,Henry,840294.8
 MO,Hickory,237332.8
 MO,Holt,206601.2
 MO,Howard,366265.8
 MO,Howell,1232668.2
 MO,Iron,318924.8
 MO,Jackson,28973356.6
 MO,Jasper,4301415.0
 MO,Jefferson,8450942.2
 MO,Johnson,1778838.8
 MO,Knox,134871.8
 MO,Laclede,1135584.6
 MO,Lafayette,1249780.8
 MO,Lawrence,1192603.8
 MO,Lewis,326049.0
 MO,Lincoln,1968997.6
 MO,Linn,440188.0
 MO,Livingston,549239.2
 MO,Macon,577841.8
 MO,Madison,416947.0
 MO,Maries,276152.8
 MO,Marion,1065093.2
 MO,McDonald,599169.4
 MO,Mercer,123011.0
 MO,Miller,821345.6
 MO,Mississippi,427840.0
 MO,Moniteau,533857.0
 MO,Monroe,348197.0
 MO,Montgomery,441065.4
 MO,Morgan,760469.8
 MO,New Madrid,551649.4
 MO,Newton,2081977.8
 MO,Nodaway,649519.2
 MO,Oregon,292613.2
 MO,Osage,570971.4
 MO,Ozark,260941.8
 MO,Pemiscot,564037.0
 MO,Perry,707763.6
 MO,Pettis,1483444.8
 MO,Phelps,1570863.8
 MO,Pike,600997.4
 MO,Platte,5084769.4
 MO,Polk,959580.8
 MO,Pulaski,2032503.2
 MO,Putnam,168541.6
 MO,Ralls,390865.0
 MO,Randolph,898404.8
 MO,Ray,861502.6
 MO,Reynolds,196028.2
 MO,Ripley,399803.4
 MO,Saline,878662.6
 MO,Schuyler,123253.8
 MO,Scotland,164735.8
 MO,Scott,1441667.4
 MO,Shannon,225084.0
 MO,Shelby,234104.0
 MO,St. Charles,18303255.8
 MO,St. Clair,264084.6
 MO,St. Francois,2034285.0
 MO,St. Louis,62331341.4
 MO,St. Louis (Independent City),13212066.0
 MO,Ste. Genevieve,633036.6
 MO,Stoddard,1054281.6
 MO,Stone,1055776.8
 MO,Sullivan,244632.2
 MO,Taney,1796597.2
 MO,Texas,666462.8
 MO,Vernon,712831.2
 MO,Warren,1235832.0
 MO,Washington,673016.0
 MO,Wayne,364796.0
 MO,Webster,1139144.6
 MO,Worth,75064.0
 MO,Wright,548484.8
 MS,Adams,1044302.2
 MS,Alcorn,1216826.8
 MS,Amite,378813.2
 MS,Attala,594885.6
 MS,Benton,229138.8
 MS,Bolivar,1134613.6
 MS,Calhoun,433063.2
 MS,Carroll,347568.4
 MS,Chickasaw,537921.0
 MS,Choctaw,250210.0
 MS,Claiborne,266825.6
 MS,Clarke,567960.8
 MS,Clay,702117.2
 MS,Coahoma,800814.6
 MS,Copiah,897096.6
 MS,Covington,619187.4
 MS,DeSoto,6432431.6
 MS,Forrest,2754297.2
 MS,Franklin,253431.0
 MS,George,741873.2
 MS,Greene,378706.2
 MS,Grenada,703357.2
 MS,Hancock,1550095.6
 MS,Harrison,7112748.2
 MS,Hinds,9230665.0
 MS,Holmes,485568.4
 MS,Humphreys,243911.4
 MS,Issaquena,22016.8
 MS,Itawamba,740592.8
 MS,Jackson,5007644.8
 MS,Jasper,566903.4
 MS,Jefferson,229217.8
 MS,Jefferson Davis,320490.6
 MS,Jones,2498533.4
 MS,Kemper,282194.8
 MS,Lafayette,1964771.6
 MS,Lamar,2246734.8
 MS,Lauderdale,2803667.0
 MS,Lawrence,404612.4
 MS,Leake,653653.8
 MS,Lee,3183989.6
 MS,Leflore,996755.4
 MS,Lincoln,1235777.4
 MS,Lowndes,2132625.4
 MS,Madison,6064019.2
 MS,Marion,771477.8
 MS,Marshall,1070655.6
 MS,Monroe,1141948.6
 MS,Montgomery,322578.2
 MS,Neshoba,1004120.6
 MS,Newton,707538.0
 MS,Noxubee,351719.2
 MS,Oktibbeha,1548583.6
 MS,Panola,1064040.2
 MS,Pearl River,1866314.6
 MS,Perry,354810.8
 MS,Pike,1190121.6
 MS,Pontotoc,938637.6
 MS,Prentiss,724450.4
 MS,Quitman,191397.0
 MS,Rankin,6320705.8
 MS,Scott,823334.8
 MS,Sharkey,131222.4
 MS,Simpson,923717.0
 MS,Smith,530393.0
 MS,Stone,546325.6
 MS,Sunflower,743591.6
 MS,Tallahatchie,400988.4
 MS,Tate,928534.8
 MS,Tippah,673151.2
 MS,Tishomingo,587600.2
 MS,Tunica,328545.0
 MS,Union,850186.4
 MS,Walthall,438109.0
 MS,Warren,1737353.8
 MS,Washington,1659901.2
 MS,Wayne,666747.4
 MS,Webster,342045.4
 MS,Wilkinson,251402.0
 MS,Winston,596600.2
 MS,Yalobusha,422933.0
 MS,Yazoo,740331.6
 MT,Beaverhead,398185.0
 MT,Big Horn,358034.6
 MT,Blaine,195752.2
 MT,Broadwater,212422.0
 MT,Carbon,454450.8
 MT,Carter,61816.6
 MT,Cascade,3519887.0
 MT,Chouteau,188925.0
 MT,Custer,500866.4
 MT,Daniels,68740.2
 MT,Dawson,389560.2
 MT,Deer Lodge,324061.8
 MT,Fallon,158491.2
 MT,Fergus,455194.4
 MT,Flathead,4067705.8
 MT,Gallatin,4897341.6
 MT,Garfield,53465.4
 MT,Glacier,430701.6
 MT,Golden Valley,43012.6
 MT,Granite,126609.8
 MT,Hill,681112.6
 MT,Jefferson,514298.4
 MT,Judith Basin,97458.0
 MT,Lake,1011940.0
 MT,Lewis and Clark,2967778.6
 MT,Liberty,92344.2
 MT,Lincoln,615027.8
 MT,Madison,348370.8
 MT,McCone,71652.8
 MT,Meagher,80298.0
 MT,Mineral,147978.0
 MT,Missoula,4948404.6
 MT,Musselshell,179392.0
 MT,Park,687411.8
 MT,Petroleum,23147.8
 MT,Phillips,154516.0
 MT,Pondera,244945.0
 MT,Powder River,62999.6
 MT,Powell,254625.0
 MT,Prairie,47359.4
 MT,Ravalli,1618320.6
 MT,Richland,708719.4
 MT,Roosevelt,363099.0
 MT,Rosebud,365360.8
 MT,Sanders,357544.2
 MT,Sheridan,197300.2
 MT,Silver Bow,1613418.8
 MT,Stillwater,429406.0
 MT,Sweet Grass,148582.8
 MT,Teton,268592.6
 MT,Toole,218058.4
 MT,Treasure,34276.2
 MT,Valley,320091.8
 MT,Wheatland,76593.2
 MT,Wibaux,47846.6
 MT,Yellowstone,7432693.0
" Manassas + Manassas Park, VA*",Prince William,25544447.2
 NC,Alamance,5774062.4
 NC,Alexander,1237880.8
 NC,Alleghany,384727.4
 NC,Anson,798043.2
 NC,Ashe,894608.4
 NC,Avery,567081.2
 NC,Beaufort,1829038.4
 NC,Bertie,634677.2
 NC,Bladen,1096927.6
 NC,Brunswick,4689854.2
 NC,Buncombe,10710821.4
 NC,Burke,2818668.0
 NC,Cabarrus,8051629.0
 NC,Caldwell,2560753.4
 NC,Camden,436137.6
 NC,Carteret,3069496.2
 NC,Caswell,741734.2
 NC,Catawba,6268588.8
 NC,Chatham,3796988.2
 NC,Cherokee,818953.6
 NC,Chowan,519012.8
 NC,Clay,331759.8
 NC,Cleveland,3296588.0
 NC,Columbus,1706090.2
 NC,Craven,4177115.4
 NC,Cumberland,11925816.4
 NC,Currituck,1052627.4
 NC,Dare,1756496.8
 NC,Davidson,5812509.2
 NC,Davie,1785123.8
 NC,Duplin,1914740.0
 NC,Durham,13543306.4
 NC,Edgecombe,1714177.2
 NC,Forsyth,16247025.0
 NC,Franklin,2060085.4
 NC,Gaston,8010099.8
 NC,Gates,387168.2
 NC,Graham,252971.8
 NC,Granville,2021609.6
 NC,Greene,646854.8
 NC,Guilford,21909279.6
 NC,Halifax,1719994.8
 NC,Harnett,4058096.0
 NC,Haywood,2166699.2
 NC,Henderson,4334010.0
 NC,Hertford,726017.2
 NC,Hoke,1519232.8
 NC,Hyde,220376.6
 NC,Iredell,7725901.6
 NC,Jackson,1238720.4
 NC,Johnston,6712959.4
 NC,Jones,361837.0
 NC,Lee,2164708.2
 NC,Lenoir,2121283.0
 NC,Lincoln,3257361.0
 NC,Macon,1227662.0
 NC,Madison,647783.2
 NC,Martin,742954.2
 NC,McDowell,1368522.0
 NC,Mecklenburg,55395000.6
 NC,Mitchell,491140.2
 NC,Montgomery,863537.8
 NC,Moore,4442854.6
 NC,Nash,3595727.4
 NC,New Hanover,9126167.2
 NC,Northampton,628649.6
 NC,Onslow,8440952.0
 NC,Orange,8150315.6
 NC,Pamlico,495199.4
 NC,Pasquotank,1427069.4
 NC,Pender,1954317.4
 NC,Perquimans,500453.2
 NC,Person,1360341.2
 NC,Pitt,6658483.2
 NC,Polk,828346.6
 NC,Randolph,4860797.6
 NC,Richmond,1472368.4
 NC,Robeson,3668516.8
 NC,Rockingham,3118224.4
 NC,Rowan,4813202.6
 NC,Rutherford,1991290.4
 NC,Sampson,2221464.6
 NC,Scotland,1066164.2
 NC,Stanly,2121507.0
 NC,Stokes,1527973.8
 NC,Surry,2565999.2
 NC,Swain,490494.6
 NC,Transylvania,1231280.2
 NC,Tyrrell,123042.0
 NC,Union,10139284.8
 NC,Vance,1428572.6
 NC,Wake,54037426.8
 NC,Warren,561021.4
 NC,Washington,406680.6
 NC,Watauga,1764996.8
 NC,Wayne,4402660.4
 NC,Wilkes,2265682.6
 NC,Wilson,3024925.2
 NC,Yadkin,1286426.8
 NC,Yancey,572172.4
 ND,Adams,118846.6
 ND,Barnes,543553.6
 ND,Benson,213618.4
 ND,Billings,72775.8
 ND,Bottineau,353085.4
 ND,Bowman,197219.8
 ND,Burke,167883.0
 ND,Burleigh,5219820.2
 ND,Cass,9078551.0
 ND,Cavalier,237407.8
 ND,Dickey,261031.4
 ND,Divide,130124.2
 ND,Dunn,289735.0
 ND,Eddy,113955.0
 ND,Emmons,146752.6
 ND,Foster,187939.4
 ND,Golden Valley,86726.0
 ND,Grand Forks,3302552.8
 ND,Grant,93374.4
 ND,Griggs,127846.8
 ND,Hettinger,114721.4
 ND,Kidder,112313.2
 ND,LaMoure,200190.8
 ND,Logan,99981.0
 ND,McHenry,290425.2
 ND,McIntosh,134270.0
 ND,McKenzie,766672.0
 ND,McLean,482626.2
 ND,Mercer,477514.6
 ND,Morton,1516723.8
 ND,Mountrail,599388.2
 ND,Nelson,164139.0
 ND,Oliver,88004.2
 ND,Pembina,352334.4
 ND,Pierce,179939.8
 ND,Ramsey,524550.8
 ND,Ransom,248535.0
 ND,Renville,139879.4
 ND,Richland,750158.0
 ND,Rolette,481903.0
 ND,Sargent,217437.2
 ND,Sheridan,44821.4
 ND,Sioux,121258.0
 ND,Slope,46157.6
 ND,Stark,2151141.2
 ND,Steele,118027.6
 ND,Stutsman,1026736.6
 ND,Towner,101200.8
 ND,Traill,378812.4
 ND,Walsh,485224.2
 ND,Ward,3748388.8
 ND,Wells,210495.2
 ND,Williams,2666154.8
 NE,Adams,1437291.0
 NE,Antelope,336417.0
 NE,Arthur,20000.0
 NE,Banner,47913.6
 NE,Blaine,32476.6
 NE,Boone,324439.8
 NE,Box Butte,485871.0
 NE,Boyd,94471.8
 NE,Brown,164677.2
 NE,Buffalo,2339643.2
 NE,Burt,326349.8
 NE,Butler,375076.8
 NE,Cass,1222298.8
 NE,Cedar,470128.8
 NE,Chase,206706.4
 NE,Cherry,302911.8
 NE,Cheyenne,484549.8
 NE,Clay,277090.0
 NE,Colfax,441857.2
 NE,Cuming,656459.6
 NE,Custer,549839.2
 NE,Dakota,780689.8
 NE,Dawes,323819.2
 NE,Dawson,971474.8
 NE,Deuel,75885.0
 NE,Dixon,265156.6
 NE,Dodge,1595275.4
 NE,Douglas,31480045.2
 NE,Dundy,109058.0
 NE,Fillmore,315414.0
 NE,Franklin,132171.0
 NE,Frontier,122300.8
 NE,Furnas,233773.4
 NE,Gage,1021944.6
 NE,Garden,84131.2
 NE,Garfield,98982.8
 NE,Gosper,102150.2
 NE,Grant,35418.8
 NE,Greeley,115112.6
 NE,Hall,2394550.0
 NE,Hamilton,462207.4
 NE,Harlan,153864.4
 NE,Hayes,54991.0
 NE,Hitchcock,113232.4
 NE,Holt,567702.0
 NE,Hooker,41375.8
 NE,Howard,276066.0
 NE,Jefferson,341786.2
 NE,Johnson,186514.8
 NE,Kearney,485275.8
 NE,Keith,343516.0
 NE,Keya Paha,56951.8
 NE,Kimball,160868.2
 NE,Knox,391355.2
 NE,Lancaster,13662537.6
 NE,Lincoln,1638282.2
 NE,Logan,40963.4
 NE,Loup,37809.4
 NE,Madison,1601334.8
 NE,McPherson,29865.4
 NE,Merrick,377047.2
 NE,Morrill,249231.4
 NE,Nance,143101.8
 NE,Nemaha,335308.0
 NE,Nuckolls,205700.0
 NE,Otoe,752792.4
 NE,Pawnee,123083.4
 NE,Perkins,162302.0
 NE,Phelps,537617.6
 NE,Pierce,394274.4
 NE,Platte,1521028.6
 NE,Polk,268812.2
 NE,Red Willow,470711.2
 NE,Richardson,369664.0
 NE,Rock,86437.4
 NE,Saline,574136.6
 NE,Sarpy,8015066.8
 NE,Saunders,984887.4
 NE,Scotts Bluff,1487410.4
 NE,Seward,781193.2
 NE,Sheridan,239874.8
 NE,Sherman,128869.2
 NE,Sioux,76636.2
 NE,Stanton,274921.6
 NE,Thayer,271133.4
 NE,Thomas,46675.2
 NE,Thurston,324376.2
 NE,Valley,186459.2
 NE,Washington,1048397.6
 NE,Wayne,407316.2
 NE,Webster,170960.6
 NE,Wheeler,83143.2
 NE,York,654920.8
 NH,Belknap,3303532.4
 NH,Carroll,2495986.2
 NH,Cheshire,3633865.0
 NH,Coos,1249403.0
 NH,Grafton,4924303.0
 NH,Hillsborough,22718902.4
 NH,Merrimack,7951344.0
 NH,Rockingham,19598885.2
 NH,Strafford,5772565.8
 NH,Sullivan,2035790.2
 NJ,Atlantic,12050608.6
 NJ,Bergen,71431358.4
 NJ,Burlington,24985092.4
 NJ,Camden,24741324.6
 NJ,Cape May,5083212.6
 NJ,Cumberland,5663604.0
 NJ,Essex,47744502.8
 NJ,Gloucester,14329025.0
 NJ,Hudson,37037402.6
 NJ,Hunterdon,10154525.2
 NJ,Mercer,23257132.8
 NJ,Middlesex,45635608.4
 NJ,Monmouth,43749522.2
 NJ,Morris,43441394.8
 NJ,Ocean,27507894.0
 NJ,Passaic,23509622.4
 NJ,Salem,2840786.8
 NJ,Somerset,29051606.6
 NJ,Sussex,7936402.6
 NJ,Union,33550324.6
 NJ,Warren,5404720.0
 NM,Bernalillo,26881919.4
 NM,Catron,106947.6
 NM,Chaves,2441985.2
 NM,Colfax,470978.4
 NM,Curry,2168319.8
 NM,De Baca,73728.8
 NM,Do√±a Ana,7092792.2
 NM,Eddy,2782102.6
 NM,Grant,1038220.4
 NM,Guadalupe,140408.8
 NM,Harding,30186.6
 NM,Hidalgo,165999.8
 NM,Lea,2705449.4
 NM,Lincoln,767419.0
 NM,Los Alamos,1176185.2
 NM,Luna,696638.6
 NM,McKinley,1866205.0
 NM,Mora,195073.4
 NM,Otero,2126569.0
 NM,Quay,293455.8
 NM,Rio Arriba,1258821.6
 NM,Roosevelt,722086.0
 NM,San Juan,4275272.2
 NM,San Miguel,899279.4
 NM,Sandoval,5323145.0
 NM,Santa Fe,7683549.8
 NM,Sierra,397921.2
 NM,Socorro,554916.2
 NM,Taos,1131461.6
 NM,Torrance,443019.2
 NM,Union,136815.2
 NM*,Cibola,714528.8
 NM*,Valencia,2322331.0
 NV,Carson City (Independent City),2416064.0
 NV,Churchill,932495.6
 NV,Clark,88327966.0
 NV,Douglas,3018062.0
 NV,Elko,2244088.6
 NV,Esmeralda,37214.4
 NV,Eureka,72310.0
 NV,Humboldt,751571.4
 NV,Lander,324583.4
 NV,Lincoln,171246.8
 NV,Lyon,1765966.6
 NV,Mineral,155072.4
 NV,Nye,1492331.8
 NV,Pershing,202742.4
 NV,Storey,169738.8
 NV,Washoe,22210466.0
 NV,White Pine,387479.4
 NY,Albany,16972508.4
 NY,Allegany,1521222.0
 NY,Bronx,47731698.6
 NY,Broome,7828082.8
 NY,Cattaraugus,2852484.2
 NY,Cayuga,3018677.0
 NY,Chautauqua,4859227.6
 NY,Chemung,3490656.8
 NY,Chenango,1853151.0
 NY,Clinton,3252244.4
 NY,Columbia,3095220.6
 NY,Cortland,1779320.4
 NY,Delaware,1629411.2
 NY,Dutchess,14740716.6
 NY,Erie,42653669.2
 NY,Essex,1555145.8
 NY,Franklin,1761681.6
 NY,Fulton,2084908.2
 NY,Genesee,2347790.2
 NY,Greene,2063483.4
 NY,Hamilton,220791.0
 NY,Herkimer,2373802.6
 NY,Jefferson,5038248.2
 NY,Kings,115618154.2
 NY,Lewis,1103859.0
 NY,Livingston,2475940.4
 NY,Madison,2833611.0
 NY,Monroe,35813082.8
 NY,Montgomery,1892995.4
 NY,Nassau,107298141.2
 NY,New York,262635403.6
 NY,Niagara,8667481.8
 NY,Oneida,9357565.8
 NY,Onondaga,21987235.0
 NY,Ontario,5258856.2
 NY,Orange,17730704.4
 NY,Orleans,1468007.0
 NY,Oswego,4332890.8
 NY,Otsego,2370294.0
 NY,Putnam,5891355.6
 NY,Queens,100566952.2
 NY,Rensselaer,7107698.4
 NY,Richmond,23992370.4
 NY,Rockland,17826067.2
 NY,Saratoga,13598775.0
 NY,Schenectady,7267483.4
 NY,Schoharie,1137034.8
 NY,Schuyler,701950.6
 NY,Seneca,1220100.4
 NY,St. Lawrence,3757263.8
 NY,Steuben,3981868.4
 NY,Suffolk,90495661.4
 NY,Sullivan,3090430.6
 NY,Tioga,2067215.6
 NY,Tompkins,4189508.2
 NY,Ulster,8083487.8
 NY,Warren,3051751.4
 NY,Washington,2253686.2
 NY,Wayne,3764984.4
 NY,Westchester,91801272.2
 NY,Wyoming,1510807.0
 NY,Yates,907993.0
 OH,Adams,872208.8
 OH,Allen,3972498.8
 OH,Ashland,1869233.2
 OH,Ashtabula,3439456.8
 OH,Athens,2031093.6
 OH,Auglaize,1977430.6
 OH,Belmont,2533987.8
 OH,Brown,1448901.6
 OH,Butler,15817517.0
 OH,Carroll,987411.6
 OH,Champaign,1456142.0
 OH,Clark,5034316.6
 OH,Clermont,9436489.8
 OH,Clinton,1698677.2
 OH,Columbiana,3650872.8
 OH,Coshocton,1197823.0
 OH,Crawford,1491574.2
 OH,Cuyahoga,61901437.0
 OH,Darke,1970356.2
 OH,Defiance,1450650.4
 OH,Delaware,12789171.8
 OH,Erie,4481954.6
 OH,Fairfield,6303375.2
 OH,Fayette,1004942.8
 OH,Franklin,59186434.4
 OH,Fulton,1732533.0
 OH,Gallia,1077168.4
 OH,Geauga,5846561.6
 OH,Greene,7443570.8
 OH,Guernsey,1418429.8
 OH,Hamilton,43589864.2
 OH,Hancock,3808479.6
 OH,Hardin,962386.6
 OH,Harrison,531787.0
 OH,Henry,1127910.6
 OH,Highland,1397702.2
 OH,Hocking,972149.6
 OH,Holmes,1653552.0
 OH,Huron,2160546.4
 OH,Jackson,1083699.2
 OH,Jefferson,2361541.0
 OH,Knox,2370121.8
 OH,Lake,10544063.0
 OH,Lawrence,2106266.6
 OH,Licking,7115915.8
 OH,Logan,1746623.0
 OH,Lorain,12759923.2
 OH,Lucas,18282049.2
 OH,Madison,1655620.2
 OH,Mahoning,9300003.8
 OH,Marion,2204793.2
 OH,Medina,8786454.2
 OH,Meigs,726220.4
 OH,Mercer,1847610.6
 OH,Miami,4459295.2
 OH,Monroe,429595.2
 OH,Montgomery,22483858.6
 OH,Morgan,441554.2
 OH,Morrow,1219970.4
 OH,Muskingum,3208270.4
 OH,Noble,359330.8
 OH,Ottawa,1872071.4
 OH,Paulding,689249.8
 OH,Perry,1207732.0
 OH,Pickaway,2121131.8
 OH,Pike,953854.4
 OH,Portage,6493192.2
 OH,Preble,1516891.4
 OH,Putnam,1493327.6
 OH,Richland,4361709.6
 OH,Ross,2588536.0
 OH,Sandusky,2239889.4
 OH,Scioto,2658008.4
 OH,Seneca,2004299.4
 OH,Shelby,2036266.6
 OH,Stark,15407376.0
 OH,Summit,25020346.6
 OH,Trumbull,7578506.0
 OH,Tuscarawas,3641763.4
 OH,Union,2560402.0
 OH,Van Wert,1070187.2
 OH,Vinton,395665.0
 OH,Warren,11855178.2
 OH,Washington,2341468.2
 OH,Wayne,4587745.8
 OH,Williams,1393453.0
 OH,Wood,5555261.8
 OH,Wyandot,887787.4
 OK,Adair,601890.4
 OK,Alfalfa,241654.8
 OK,Atoka,418534.6
 OK,Beaver,271881.0
 OK,Beckham,894163.6
 OK,Blaine,355565.4
 OK,Bryan,1420610.4
 OK,Caddo,959190.8
 OK,Canadian,5669879.2
 OK,Carter,1969837.4
 OK,Cherokee,1448134.0
 OK,Choctaw,455561.6
 OK,Cimarron,134095.0
 OK,Cleveland,11571904.2
 OK,Coal,176915.4
 OK,Comanche,4754526.2
 OK,Cotton,240062.0
 OK,Craig,495970.4
 OK,Creek,2715066.8
 OK,Custer,1137230.8
 OK,Delaware,1249152.6
 OK,Dewey,207903.0
 OK,Ellis,227211.8
 OK,Garfield,2732993.2
 OK,Garvin,1010131.6
 OK,Grady,2030378.6
 OK,Grant,221027.2
 OK,Greer,179591.8
 OK,Harmon,118225.0
 OK,Harper,177246.0
 OK,Haskell,424993.6
 OK,Hughes,409142.2
 OK,Jackson,968507.4
 OK,Jefferson,207214.2
 OK,Johnston,357792.4
 OK,Kay,1756642.2
 OK,Kingfisher,696337.0
 OK,Kiowa,315730.4
 OK,Latimer,348933.4
 OK,Le Flore,1562207.4
 OK,Lincoln,1169834.4
 OK,Logan,1756511.8
 OK,Love,345584.2
 OK,Major,324173.0
 OK,Marshall,505038.2
 OK,Mayes,1342551.6
 OK,McClain,1606073.2
 OK,McCurtain,1013797.2
 OK,McIntosh,640080.0
 OK,Murray,561204.4
 OK,Muskogee,2383803.4
 OK,Noble,463337.0
 OK,Nowata,355518.8
 OK,Okfuskee,348509.0
 OK,Oklahoma,37125508.0
 OK,Okmulgee,1245244.2
 OK,Osage,1578671.8
 OK,Ottawa,1074652.8
 OK,Pawnee,548691.0
 OK,Payne,2847618.2
 OK,Pittsburg,1574233.4
 OK,Pontotoc,1483575.6
 OK,Pottawatomie,2544360.4
 OK,Pushmataha,343083.8
 OK,Roger Mills,178678.4
 OK,Rogers,3765223.6
 OK,Seminole,822746.2
 OK,Sequoyah,1293070.4
 OK,Stephens,1868027.2
 OK,Texas,978035.4
 OK,Tillman,296666.8
 OK,Tulsa,39975219.6
 OK,Wagoner,2817371.6
 OK,Washington,2795029.0
 OK,Washita,390158.0
 OK,Woods,412841.0
 OK,Woodward,974376.8
 OR,Baker,582611.2
 OR,Benton,3710036.0
 OR,Clackamas,20498621.6
 OR,Clatsop,1503471.2
 OR,Columbia,1968527.8
 OR,Coos,2449071.4
 OR,Crook,784268.4
 OR,Curry,855061.2
 OR,Deschutes,8173610.6
 OR,Douglas,3893445.2
 OR,Gilliam,84540.0
 OR,Grant,274069.2
 OR,Harney,260897.2
 OR,Hood River,1070156.8
 OR,Jackson,8672433.2
 OR,Jefferson,685907.4
 OR,Josephine,3050993.0
 OR,Klamath,2333986.6
 OR,Lake,283269.0
 OR,Lane,14694298.2
 OR,Lincoln,1854744.0
 OR,Linn,4536984.0
 OR,Malheur,872361.2
 OR,Marion,12518090.6
 OR,Morrow,446245.6
 OR,Multnomah,39563666.0
 OR,Polk,2973316.0
 OR,Sherman,89112.0
 OR,Tillamook,1002889.8
 OR,Umatilla,2696068.6
 OR,Union,937194.2
 OR,Wallowa,284917.6
 OR,Wasco,1018378.0
 OR,Washington,30197854.0
 OR,Wheeler,44989.4
 OR,Yamhill,4075996.8
 PA,Adams,4494962.6
 PA,Allegheny,66689849.8
 PA,Armstrong,2692126.6
 PA,Beaver,7257946.8
 PA,Bedford,1830719.4
 PA,Berks,18397947.2
 PA,Blair,5135607.2
 PA,Bradford,2312380.4
 PA,Bucks,40463587.2
 PA,Butler,9675308.2
 PA,Cambria,5286847.4
 PA,Cameron,210635.2
 PA,Carbon,2878242.6
 PA,Centre,6716643.2
 PA,Chester,37808029.8
 PA,Clarion,1472410.8
 PA,Clearfield,3199326.4
 PA,Clinton,1418339.6
 PA,Columbia,2515570.2
 PA,Crawford,3196928.2
 PA,Cumberland,12208100.2
 PA,Dauphin,12574215.2
 PA,Delaware,32722070.6
 PA,Elk,1330221.2
 PA,Erie,11151918.2
 PA,Fayette,5082790.6
 PA,Forest,158354.0
 PA,Franklin,6380257.6
 PA,Fulton,564118.8
 PA,Greene,1496997.2
 PA,Huntingdon,1537546.2
 PA,Indiana,3067820.0
 PA,Jefferson,1743517.2
 PA,Juniata,942473.0
 PA,Lackawanna,9008208.2
 PA,Lancaster,24562444.4
 PA,Lawrence,3468377.0
 PA,Lebanon,5878239.6
 PA,Lehigh,17357881.8
 PA,Luzerne,12929208.6
 PA,Lycoming,4606807.2
 PA,McKean,1735167.0
 PA,Mercer,4313663.4
 PA,Mifflin,1636261.0
 PA,Monroe,6353672.0
 PA,Montgomery,58768803.6
 PA,Montour,941164.4
 PA,Northampton,14430019.4
 PA,Northumberland,3498003.0
 PA,Perry,1819587.0
 PA,Philadelphia,80985966.0
 PA,Pike,2314870.0
 PA,Potter,622411.8
 PA,Schuylkill,5493117.6
 PA,Snyder,1541354.6
 PA,Somerset,2830867.8
 PA,Sullivan,260723.8
 PA,Susquehanna,1642943.6
 PA,Tioga,1552324.8
 PA,Union,1642071.0
 PA,Venango,1994620.2
 PA,Warren,1591041.4
 PA,Washington,10728972.0
 PA,Wayne,1987890.8
 PA,Westmoreland,16554001.6
 PA,Wyoming,1129541.0
 PA,York,19683736.2
 RI,Bristol,3432991.2
 RI,Kent,8779982.8
 RI,Newport,5055839.4
 RI,Providence,27843058.6
 RI,Washington,7358310.8
 SC,Abbeville,760645.6
 SC,Aiken,6325911.0
 SC,Allendale,263924.2
 SC,Anderson,6966065.2
 SC,Bamberg,448330.2
 SC,Barnwell,667320.2
 SC,Beaufort,8926907.2
 SC,Berkeley,7218242.8
 SC,Calhoun,505317.0
 SC,Charleston,20562931.0
 SC,Cherokee,1679400.2
 SC,Chester,989779.2
 SC,Chesterfield,1274954.6
 SC,Clarendon,1032839.0
 SC,Colleton,1194936.4
 SC,Darlington,2276849.6
 SC,Dillon,787877.8
 SC,Dorchester,5417553.8
 SC,Edgefield,850771.6
 SC,Fairfield,769421.2
 SC,Florence,5204335.6
 SC,Georgetown,2530305.8
 SC,Greenville,21331843.6
 SC,Greenwood,2371841.6
 SC,Hampton,572246.6
 SC,Horry,10485748.2
 SC,Jasper,719658.6
 SC,Kershaw,2388345.6
 SC,Lancaster,3570554.4
 SC,Laurens,2094902.0
 SC,Lee,514609.6
 SC,Lexington,11828436.4
 SC,Marion,894874.4
 SC,Marlboro,759488.8
 SC,McCormick,311012.4
 SC,Newberry,1326541.0
 SC,Oconee,2921102.6
 SC,Orangeburg,2730611.8
 SC,Pickens,4195660.6
 SC,Richland,16743474.0
 SC,Saluda,642716.8
 SC,Spartanburg,11641701.2
 SC,Sumter,3772679.8
 SC,Union,831614.2
 SC,Williamsburg,940615.4
 SC,York,10371633.2
 SD,Aurora,123983.8
 SD,Beadle,860299.4
 SD,Bennett,95762.4
 SD,Bon Homme,250170.4
 SD,Brookings,1450711.8
 SD,Brown,1894943.8
 SD,Brule,230125.8
 SD,Buffalo,47245.8
 SD,Butte,352728.4
 SD,Campbell,66043.6
 SD,Charles Mix,386451.0
 SD,Clark,177696.2
 SD,Clay,515130.4
 SD,Codington,1215036.4
 SD,Corson,118775.8
 SD,Custer,367376.2
 SD,Davison,933153.4
 SD,Day,233925.0
 SD,Deuel,219120.4
 SD,Dewey,218073.0
 SD,Douglas,163861.8
 SD,Edmunds,183791.0
 SD,Fall River,292349.0
 SD,Faulk,101890.8
 SD,Grant,404861.8
 SD,Gregory,180945.2
 SD,Haakon,89534.0
 SD,Hamlin,236638.0
 SD,Hand,166792.0
 SD,Hanson,211777.0
 SD,Harding,69832.6
 SD,Hughes,859071.4
 SD,Hutchinson,359849.8
 SD,Hyde,67303.6
 SD,Jackson,78478.6
 SD,Jerauld,100073.8
 SD,Jones,48482.8
 SD,Kingsbury,239663.2
 SD,Lake,645357.4
 SD,Lawrence,1114686.2
 SD,Lincoln,3269726.4
 SD,Lyman,169234.6
 SD,Marshall,213620.6
 SD,McCook,263832.0
 SD,McPherson,88421.0
 SD,Meade,1072236.0
 SD,Mellette,55113.6
 SD,Miner,99457.2
 SD,Minnehaha,9383025.8
 SD,Moody,311662.6
 SD,Pennington,5044868.0
 SD,Perkins,118401.4
 SD,Potter,196176.0
 SD,Roberts,342970.6
 SD,Sanborn,105101.4
 SD,Spink,343300.4
 SD,Stanley,192692.2
 SD,Sully,94646.4
 SD,Todd,243038.0
 SD,Tripp,252286.4
 SD,Turner,504674.2
 SD,Union,1357810.2
 SD,Walworth,233397.8
 SD,Yankton,1005635.2
 SD,Ziebach,62144.2
 SD*,Oglala Lakota,326171.8
" Staunton + Waynesboro, VA*",Augusta,4840780.2
 TN,Anderson,2919366.0
 TN,Bedford,1610762.2
 TN,Benton,502740.4
 TN,Bledsoe,351506.6
 TN,Blount,4916066.0
 TN,Bradley,3837068.6
 TN,Campbell,1247002.4
 TN,Cannon,463656.2
 TN,Carroll,957384.4
 TN,Carter,1784577.4
 TN,Cheatham,1547087.2
 TN,Chester,531525.2
 TN,Claiborne,1031807.4
 TN,Clay,227376.6
 TN,Cocke,1044441.6
 TN,Coffee,1962980.0
 TN,Crockett,507684.0
 TN,Cumberland,1985515.8
 TN,Davidson,38366311.4
 TN,DeKalb,708000.0
 TN,Decatur,473725.8
 TN,Dickson,1858000.2
 TN,Dyer,1419490.2
 TN,Fayette,1957224.0
 TN,Fentress,537489.6
 TN,Franklin,1467253.8
 TN,Gibson,1771212.4
 TN,Giles,1032950.4
 TN,Grainger,690222.4
 TN,Greene,2534619.4
 TN,Grundy,387180.0
 TN,Hamblen,2191084.4
 TN,Hamilton,16738309.2
 TN,Hancock,166452.2
 TN,Hardeman,708100.2
 TN,Hardin,935183.2
 TN,Hawkins,1792811.0
 TN,Haywood,562775.6
 TN,Henderson,914721.2
 TN,Henry,1255083.8
 TN,Hickman,720645.4
 TN,Houston,248967.4
 TN,Humphreys,665962.4
 TN,Jackson,332660.4
 TN,Jefferson,1714894.8
 TN,Johnson,523025.4
 TN,Knox,20456124.4
 TN,Lake,174415.6
 TN,Lauderdale,692033.2
 TN,Lawrence,1363836.4
 TN,Lewis,367835.2
 TN,Lincoln,1275347.6
 TN,Loudon,2223293.2
 TN,Macon,718643.2
 TN,Madison,3804709.6
 TN,Marion,993673.4
 TN,Marshall,1081684.0
 TN,Maury,3385439.8
 TN,McMinn,1741647.2
 TN,McNairy,785092.8
 TN,Meigs,373939.8
 TN,Monroe,1388013.8
 TN,Montgomery,7645916.8
 TN,Moore,240553.6
 TN,Morgan,591838.8
 TN,Obion,1136381.6
 TN,Overton,670813.8
 TN,Perry,248139.0
 TN,Pickett,179627.2
 TN,Polk,528959.2
 TN,Putnam,2779339.4
 TN,Rhea,1052351.2
 TN,Roane,1978460.2
 TN,Robertson,2610452.2
 TN,Rutherford,11272708.2
 TN,Scott,606736.2
 TN,Sequatchie,504489.2
 TN,Sevier,3417976.0
 TN,Shelby,42371032.8
 TN,Smith,675605.4
 TN,Stewart,502278.4
 TN,Sullivan,6141979.6
 TN,Sumner,7702746.0
 TN,Tipton,2168730.8
 TN,Trousdale,287024.0
 TN,Unicoi,622205.0
 TN,Union,554662.6
 TN,Van Buren,168090.2
 TN,Warren,1294887.4
 TN,Washington,5007299.2
 TN,Wayne,437329.2
 TN,Weakley,1155550.0
 TN,White,808687.4
 TN,Williamson,18961245.6
 TN,Wilson,5678326.0
 TX,Anderson,1842263.0
 TX,Andrews,822367.2
 TX,Angelina,3248452.6
 TX,Aransas,1130360.2
 TX,Archer,417449.4
 TX,Armstrong,84131.8
 TX,Atascosa,1708160.6
 TX,Austin,1432500.8
 TX,Bailey,295882.6
 TX,Bandera,879817.8
 TX,Bastrop,2654688.8
 TX,Baylor,138738.4
 TX,Bee,918393.6
 TX,Bell,13668793.4
 TX,Bexar,79574919.4
 TX,Blanco,521783.0
 TX,Borden,36118.6
 TX,Bosque,706326.0
 TX,Bowie,3456583.6
 TX,Brazoria,15473634.6
 TX,Brazos,7631086.4
 TX,Brewster,383022.0
 TX,Briscoe,53583.8
 TX,Brooks,246062.4
 TX,Brown,1329142.6
 TX,Burleson,708382.2
 TX,Burnet,1951306.4
 TX,Caldwell,1261190.6
 TX,Calhoun,801679.8
 TX,Callahan,509848.4
 TX,Cameron,11174086.0
 TX,Camp,479252.4
 TX,Carson,262724.4
 TX,Cass,1042726.6
 TX,Castro,415435.0
 TX,Chambers,1965025.4
 TX,Cherokee,1702087.2
 TX,Childress,198640.2
 TX,Clay,428646.4
 TX,Cochran,113047.8
 TX,Coke,131742.6
 TX,Coleman,326755.0
 TX,Collin,55064657.8
 TX,Collingsworth,109842.2
 TX,Colorado,904268.6
 TX,Comal,6941951.8
 TX,Comanche,505311.0
 TX,Concho,92392.0
 TX,Cooke,1909844.6
 TX,Coryell,2367540.4
 TX,Cottle,74729.8
 TX,Crane,204179.8
 TX,Crockett,138621.8
 TX,Crosby,189543.4
 TX,Culberson,95833.6
 TX,Dallam,399513.0
 TX,Dallas,134826975.0
 TX,Dawson,441433.8
 TX,DeWitt,1067435.0
 TX,Deaf Smith,803799.0
 TX,Delta,179689.2
 TX,Denton,39695115.8
 TX,Dickens,67612.0
 TX,Dimmit,362476.8
 TX,Donley,145737.8
 TX,Duval,419085.6
 TX,Eastland,945011.4
 TX,Ector,6607122.2
 TX,Edwards,69933.8
 TX,El Paso,27293597.4
 TX,Ellis,6570787.6
 TX,Erath,1434309.4
 TX,Falls,543375.6
 TX,Fannin,1160215.4
 TX,Fayette,1209222.2
 TX,Fisher,147613.8
 TX,Floyd,226099.0
 TX,Foard,48050.6
 TX,Fort Bend,40333737.8
 TX,Franklin,384871.4
 TX,Freestone,707316.2
 TX,Frio,523645.8
 TX,Gaines,721270.6
 TX,Galveston,15508991.0
 TX,Garza,203329.6
 TX,Gillespie,1400706.8
 TX,Glasscock,96107.8
 TX,Goliad,314665.6
 TX,Gonzales,835327.4
 TX,Gray,998888.2
 TX,Grayson,4928867.6
 TX,Gregg,5558175.0
 TX,Grimes,919369.4
 TX,Guadalupe,6199083.0
 TX,Hale,1058940.0
 TX,Hall,95840.8
 TX,Hamilton,447819.0
 TX,Hansford,347321.8
 TX,Hardeman,151330.4
 TX,Hardin,2364677.6
 TX,Harris,239636570.0
 TX,Harrison,2650921.2
 TX,Hartley,361417.8
 TX,Haskell,201542.2
 TX,Hays,7632831.0
 TX,Hemphill,299113.2
 TX,Henderson,2927719.8
 TX,Hidalgo,20815262.2
 TX,Hill,1258191.8
 TX,Hockley,928175.0
 TX,Hood,2559378.4
 TX,Hopkins,1313145.4
 TX,Houston,790764.0
 TX,Howard,1283349.4
 TX,Hudspeth,117688.6
 TX,Hunt,3138220.8
 TX,Hutchinson,878642.0
 TX,Irion,95801.2
 TX,Jack,367183.6
 TX,Jackson,578265.8
 TX,Jasper,1317909.4
 TX,Jeff Davis,86553.6
 TX,Jefferson,10372470.8
 TX,Jim Hogg,161833.2
 TX,Jim Wells,1650843.8
 TX,Johnson,6103498.6
 TX,Jones,584358.8
 TX,Karnes,615721.8
 TX,Kaufman,4466878.6
 TX,Kendall,3168823.6
 TX,Kenedy,22381.4
 TX,Kent,34383.4
 TX,Kerr,2317464.2
 TX,Kimble,192153.8
 TX,King,17511.8
 TX,Kinney,106731.8
 TX,Kleberg,1150967.0
 TX,Knox,141809.8
 TX,La Salle,287069.0
 TX,Lamar,1843713.4
 TX,Lamb,496362.2
 TX,Lampasas,957933.4
 TX,Lavaca,969481.8
 TX,Lee,723480.0
 TX,Leon,655993.4
 TX,Liberty,2780418.2
 TX,Limestone,772433.8
 TX,Lipscomb,183853.6
 TX,Live Oak,438129.0
 TX,Llano,899160.2
 TX,Loving,4233.4
 TX,Lubbock,11783261.6
 TX,Lynn,198352.8
 TX,Madison,419225.2
 TX,Marion,359796.0
 TX,Martin,267169.2
 TX,Mason,173132.4
 TX,Matagorda,1438637.2
 TX,Maverick,1582695.2
 TX,McCulloch,291783.2
 TX,McLennan,9164010.0
 TX,McMullen,63613.0
 TX,Medina,1763566.8
 TX,Menard,76945.6
 TX,Midland,15054801.0
 TX,Milam,879247.2
 TX,Mills,174257.0
 TX,Mitchell,264463.0
 TX,Montague,794752.0
 TX,Montgomery,32044106.0
 TX,Moore,846947.8
 TX,Morris,519719.2
 TX,Motley,36635.2
 TX,Nacogdoches,2274562.6
 TX,Navarro,1706057.8
 TX,Newton,419098.0
 TX,Nolan,580829.2
 TX,Nueces,15056435.8
 TX,Ochiltree,650095.4
 TX,Oldham,106024.2
 TX,Orange,3461432.0
 TX,Palo Pinto,1023493.8
 TX,Panola,964566.8
 TX,Parker,6246146.4
 TX,Parmer,472699.4
 TX,Pecos,521032.4
 TX,Polk,1772064.2
 TX,Potter,4899601.2
 TX,Presidio,278616.8
 TX,Rains,351676.6
 TX,Randall,5868114.2
 TX,Reagan,168754.4
 TX,Real,111828.6
 TX,Red River,454173.4
 TX,Reeves,454798.2
 TX,Refugio,315090.2
 TX,Roberts,40001.8
 TX,Robertson,652309.0
 TX,Rockwall,4959036.4
 TX,Runnels,391681.2
 TX,Rusk,1873078.4
 TX,Sabine,346487.4
 TX,San Augustine,294618.0
 TX,San Jacinto,891484.2
 TX,San Patricio,2799054.8
 TX,San Saba,198769.4
 TX,Schleicher,131409.2
 TX,Scurry,754823.2
 TX,Shackelford,366463.4
 TX,Shelby,959047.6
 TX,Sherman,201332.0
 TX,Smith,10744284.0
 TX,Somervell,368516.6
 TX,Starr,1555509.2
 TX,Stephens,435323.8
 TX,Sterling,74855.8
 TX,Stonewall,69003.2
 TX,Sutton,253064.6
 TX,Swisher,312390.8
 TX,Tarrant,92904118.4
 TX,Taylor,5801199.0
 TX,Terrell,43242.6
 TX,Terry,401856.6
 TX,Throckmorton,66359.8
 TX,Titus,1046430.8
 TX,Tom Green,4964042.8
 TX,Travis,68776694.2
 TX,Trinity,478965.8
 TX,Tyler,654185.0
 TX,Upshur,1411056.0
 TX,Upton,159090.4
 TX,Uvalde,1009765.8
 TX,Val Verde,1646829.4
 TX,Van Zandt,1876267.6
 TX,Victoria,4004805.8
 TX,Walker,1863439.6
 TX,Waller,1793760.6
 TX,Ward,477132.6
 TX,Washington,1693008.2
 TX,Webb,7938298.6
 TX,Wharton,1679901.8
 TX,Wheeler,240045.0
 TX,Wichita,5414369.0
 TX,Wilbarger,490699.6
 TX,Willacy,573112.0
 TX,Williamson,22669075.4
 TX,Wilson,1949618.6
 TX,Winkler,315286.0
 TX,Wise,2587223.6
 TX,Wood,1563402.2
 TX,Yoakum,356190.6
 TX,Young,892570.0
 TX,Zapata,430184.2
 TX,Zavala,321468.8
 UT,Beaver,198006.0
 UT,Box Elder,1754078.2
 UT,Cache,4104294.8
 UT,Carbon,707224.4
 UT,Daggett,40300.2
 UT,Davis,13683741.4
 UT,Duchesne,734998.0
 UT,Emery,305547.6
 UT,Garfield,168173.0
 UT,Grand,419641.4
 UT,Iron,1387485.0
 UT,Juab,339256.4
 UT,Kane,260912.8
 UT,Millard,433443.4
 UT,Morgan,506895.6
 UT,Piute,42044.4
 UT,Rich,83386.4
 UT,Salt Lake,50788680.8
 UT,San Juan,365472.4
 UT,Sanpete,775911.2
 UT,Sevier,620910.4
 UT,Summit,4328571.2
 UT,Tooele,2086922.0
 UT,Uintah,1134871.8
 UT,Utah,20279221.2
 UT,Wasatch,1291459.6
 UT,Washington,5094042.8
 UT,Wayne,86785.0
 UT,Weber,8963761.4
 VA,Accomack,1260198.8
 VA,Alexandria (Independent City),12617061.8
 VA,Amelia,527460.8
 VA,Amherst,1079777.4
 VA,Appomattox,538730.2
 VA,Arlington,19587829.0
 VA,Bath,235845.2
 VA,Bland,213937.4
 VA,Botetourt,1527782.0
 VA,Brunswick,501020.6
 VA,Buchanan,731073.2
 VA,Buckingham,471729.0
 VA,Caroline,1163849.4
 VA,Charles City,284540.6
 VA,Charlotte,392351.6
 VA,Chesapeake (Independent City),10918180.4
 VA,Chesterfield,16369618.0
 VA,Clarke,840007.0
 VA,Craig,177268.0
 VA,Culpeper,2088983.8
 VA,Cumberland,340138.0
 VA,Dickenson,445892.6
 VA,Essex,424001.0
 VA,Fauquier,4307251.0
 VA,Floyd,543434.2
 VA,Fluvanna,1046366.2
 VA,Franklin,2067813.6
 VA,Giles,613326.4
 VA,Gloucester,1668967.0
 VA,Goochland,1913379.8
 VA,Grayson,471278.8
 VA,Greene,767129.4
 VA,Halifax,1171244.4
 VA,Hampton (Independent City),5459446.2
 VA,Hanover,5596726.0
 VA,Henrico,19131959.6
 VA,Highland,92861.2
 VA,Isle of Wight,1826272.4
 VA,King George,1271088.0
 VA,King William,681976.2
 VA,King and Queen,270531.8
 VA,Lancaster,557612.2
 VA,Lee,675036.6
 VA,Loudoun,26483338.0
 VA,Louisa,1328266.2
 VA,Lunenburg,376854.8
 VA,Madison,607115.4
 VA,Mathews,443995.8
 VA,Mecklenburg,1048648.2
 VA,Middlesex,478428.4
 VA,Nelson,671803.0
 VA,New Kent,1340131.4
 VA,Newport News (Independent City),7225086.4
 VA,Norfolk (Independent City),9398097.8
 VA,Northampton,509947.4
 VA,Northumberland,558702.0
 VA,Nottoway,493837.4
 VA,Orange,1561165.0
 VA,Page,834056.4
 VA,Patrick,555594.4
 VA,Portsmouth (Independent City),3647179.2
 VA,Powhatan,1400723.8
 VA,Prince Edward,652545.6
 VA,Pulaski,1252871.6
 VA,Rappahannock,423659.2
 VA,Richmond,295217.6
 VA,Richmond (Independent City),11137847.6
 VA,Roanoke (Independent City),4029057.6
 VA,Russell,846325.8
 VA,Scott,684476.0
 VA,Shenandoah,1728384.4
 VA,Smyth,1071835.0
 VA,Stafford,7152735.6
 VA,Suffolk (Independent City),4173125.8
 VA,Surry,263022.6
 VA,Sussex,331848.2
 VA,Tazewell,1471559.8
 VA,Virginia Beach (Independent City),23379163.2
 VA,Warren,1649877.0
 VA,Westmoreland,685713.6
 VA,Wythe,934175.4
 VA*,Albemarle + Charlottesville,9431727.8
 VA*,Alleghany + Covington,755668.8
 VA*,Bedford,3231398.4
 VA*,Campbell + Lynchburg,4750516.0
 VA*,Carroll + Galax,1192259.8
 VA*,Frederick + Winchester,5039964.6
 VA*,Greensville + Emporia,502325.6
 VA*,Henry + Martinsville,2316079.2
 VA*,James City + Williamsburg,5202424.0
 VA*,Montgomery + Radford,3845961.4
 VA*,Pittsylvania + Danville,3586706.4
 VA*,Prince George + Hopewell,2161100.8
 VA*,Roanoke + Salem,5678101.8
 VA*,Rockingham + Harrisonburg,4739482.0
 VA*,Southampton + Franklin,989223.6
 VA*,Spotsylvania + Fredericksburg,7309072.6
 VA*,Washington + Bristol,2708830.2
 VA*,Wise + Norton,1332467.6
 VA*,York + Poquoson,4287976.0
 VT,Addison,1725892.0
 VT,Bennington,1744939.6
 VT,Caledonia,1164597.2
 VT,Chittenden,8963483.2
 VT,Essex,205755.2
 VT,Franklin,2051534.4
 VT,Grand Isle,373586.4
 VT,Lamoille,1224287.6
 VT,Orange,1240240.0
 VT,Orleans,1087291.0
 VT,Rutland,2830254.2
 VT,Washington,3190154.6
 VT,Windham,2017086.4
 VT,Windsor,2882343.4
 WA,Adams,781187.6
 WA,Asotin,929219.2
 WA,Benton,8288434.0
 WA,Chelan,3546891.4
 WA,Clallam,3025812.0
 WA,Clark,21196784.6
 WA,Columbia,179405.6
 WA,Cowlitz,4226270.4
 WA,Douglas,1484095.4
 WA,Ferry,257059.6
 WA,Franklin,3033789.2
 WA,Garfield,91279.2
 WA,Grant,3436370.4
 WA,Grays Harbor,2556446.8
 WA,Island,3953331.0
 WA,Jefferson,1385820.8
 WA,King,160551241.6
 WA,Kitsap,12655167.8
 WA,Kittitas,1673928.8
 WA,Klickitat,891370.8
 WA,Lewis,2909918.8
 WA,Lincoln,453301.0
 WA,Mason,2322947.0
 WA,Okanogan,1588203.2
 WA,Pacific,799159.4
 WA,Pend Oreille,475854.4
 WA,Pierce,38593697.0
 WA,San Juan,1102558.8
 WA,Skagit,5611639.6
 WA,Skamania,462806.4
 WA,Snohomish,37494866.6
 WA,Spokane,20245089.2
 WA,Stevens,1554484.0
 WA,Thurston,12332468.8
 WA,Wahkiakum,157877.2
 WA,Walla Walla,2445337.8
 WA,Whatcom,9245397.8
 WA,Whitman,1721358.0
 WA,Yakima,9637281.4
 WI,Adams,712485.6
 WI,Ashland,580188.6
 WI,Barron,1982364.8
 WI,Bayfield,635416.0
 WI,Brown,12206702.6
 WI,Buffalo,547525.2
 WI,Burnett,589271.8
 WI,Calumet,2249544.6
 WI,Chippewa,2643652.0
 WI,Clark,1277661.6
 WI,Columbia,2624408.2
 WI,Crawford,621472.0
 WI,Dane,28420706.4
 WI,Dodge,3602982.4
 WI,Door,1502154.0
 WI,Douglas,1671339.8
 WI,Dunn,1637994.6
 WI,Eau Claire,4426168.6
 WI,Florence,217042.8
 WI,Fond du Lac,4404324.0
 WI,Forest,333472.4
 WI,Grant,2049131.8
 WI,Green,1709565.0
 WI,Green Lake,804136.6
 WI,Iowa,1040705.4
 WI,Iron,256336.4
 WI,Jackson,839436.8
 WI,Jefferson,3475820.0
 WI,Juneau,911560.4
 WI,Kenosha,7014777.2
 WI,Kewaunee,890438.6
 WI,La Crosse,5246339.6
 WI,Lafayette,710827.6
 WI,Langlade,762999.2
 WI,Lincoln,1142959.0
 WI,Manitowoc,3477834.0
 WI,Marathon,6058965.2
 WI,Marinette,1630564.6
 WI,Marquette,565805.8
 WI,Milwaukee,41058404.4
 WI,Monroe,1690069.2
 WI,Oconto,1568845.2
 WI,Oneida,1606124.8
 WI,Outagamie,8465411.0
 WI,Ozaukee,6543300.8
 WI,Pepin,319154.6
 WI,Pierce,1754000.6
 WI,Polk,1822135.8
 WI,Portage,2883279.8
 WI,Price,569664.8
 WI,Racine,8557959.0
 WI,Richland,690883.0
 WI,Rock,6447759.2
 WI,Rusk,565164.2
 WI,Sauk,2761873.6
 WI,Sawyer,679035.2
 WI,Sheboygan,5370442.4
 WI,St. Croix,4273905.2
 WI,Taylor,757604.0
 WI,Trempealeau,1212850.4
 WI,Vernon,1133749.2
 WI,Vilas,1014687.0
 WI,Walworth,4473432.0
 WI,Washburn,672580.6
 WI,Washington,6916550.4
 WI,Waukesha,25627087.0
 WI,Waupaca,2167187.4
 WI,Waushara,905356.6
 WI,Winnebago,7293470.8
 WI,Wood,3095134.4
 WI*,Menominee,127800.6
 WI*,Shawano,1572247.8
 WI*,Shawano (includes Menominee),
 WV,Barbour,488466.4
 WV,Berkeley,4179919.2
 WV,Boone,712236.6
 WV,Braxton,426881.6
 WV,Brooke,859863.8
 WV,Cabell,3655918.0
 WV,Calhoun,210837.4
 WV,Clay,252054.4
 WV,Doddridge,208374.8
 WV,Fayette,1402050.8
 WV,Gilmer,221429.2
 WV,Grant,395838.6
 WV,Greenbrier,1235186.0
 WV,Hampshire,739995.0
 WV,Hancock,1130051.4
 WV,Hardy,422085.2
 WV,Harrison,2940809.2
 WV,Jackson,989992.4
 WV,Jefferson,2550305.4
 WV,Kanawha,8226667.8
 WV,Lewis,591364.4
 WV,Lincoln,589816.6
 WV,Logan,1128019.2
 WV,Marion,2173887.8
 WV,Marshall,1132429.0
 WV,Mason,801192.4
 WV,McDowell,556619.4
 WV,Mercer,2098247.6
 WV,Mineral,975281.2
 WV,Mingo,755154.2
 WV,Monongalia,4208219.8
 WV,Monroe,384310.0
 WV,Morgan,551113.4
 WV,Nicholas,799688.0
 WV,Ohio,2190158.0
 WV,Pendleton,235741.2
 WV,Pleasants,290978.0
 WV,Pocahontas,296279.8
 WV,Preston,1110724.8
 WV,Putnam,2389542.8
 WV,Raleigh,2796823.0
 WV,Randolph,973372.0
 WV,Ritchie,324135.2
 WV,Roane,442615.8
 WV,Summers,395232.0
 WV,Taylor,594205.2
 WV,Tucker,262025.2
 WV,Tyler,291511.6
 WV,Upshur,760893.6
 WV,Wayne,1209734.8
 WV,Webster,227184.4
 WV,Wetzel,486946.2
 WV,Wirt,169300.6
 WV,Wood,3270180.4
 WV,Wyoming,621027.4
 WY,Albany,1498412.4
 WY,Big Horn,431413.4
 WY,Campbell,2487030.4
 WY,Carbon,797393.4
 WY,Converse,703652.0
 WY,Crook,334900.8
 WY,Fremont,1691507.8
 WY,Goshen,545835.2
 WY,Hot Springs,236294.0
 WY,Johnson,421710.6
 WY,Laramie,4790444.8
 WY,Lincoln,720701.2
 WY,Natrona,5482005.0
 WY,Niobrara,108742.6
 WY,Park,1452494.6
 WY,Platte,397933.4
 WY,Sheridan,1576712.8
 WY,Sublette,508717.4
 WY,Sweetwater,2167303.2
 WY,Teton,4780344.8
 WY,Uinta,804935.2
 WY,Washakie,362701.6
 WY,Weston,319290.2
